the_geom,cartodb_id,state_fips,state_name,county,housing_un,fips,county_fip,updated_at,created_at
0106000020E610000001000000010300000001000000080000002C7A4AB3D56252C099DF8819C2AE4440C92B9390B87E52C083875A5393A94440F6FAAA0B1D7D52C08DBDBF92CFB24440AF17740ECC7E52C0C58AD4F245B84440AE994C266C7B52C0B102C1D1D5BE4440B112E538AC6552C0E8AA1DB266C34440B0BDA6F1F16152C00C6F6853E9C244402C7A4AB3D56252C099DF8819C2AE4440,27,36,New York,Putnam,,36079,79,2012-06-15,2012-06-15
0106000020E6100000010000000103000000010000000E000000CB46D4E4608152C0AD0A1416D47E4640FFAF1AA3C47F52C09F1772B09E59464058693082B67D52C029E0266E8F594640D8C7BEA8487A52C08D3FF64C5B364640F245296CA68852C02442AA50423346409C98CF81E28552C026DA65119A11464047680204D39152C0E383877A2D0F4640C88E278D51A252C00D284EDB460C4640C86753D568A352C08863B37BF713464057AC961228A252C026A723DBC6164640AACA20F384A952C026580213F67846409D67FD0CC5AD52C0D55868C335794640094535631CAF52C08D40D1E0177F4640CB46D4E4608152C0AD0A1416D47E4640,1,36,New York,Franklin,,36033,33,2012-06-15,2012-06-15
0106000020E61000000100000001030000000100000007000000A720FDD8D89D53C05DD709EBA3904540F3ACDAE2BC9D53C03886217C9DAF45404A5ABA147D7F53C0CA58FF0CCBAE45405E1AA6CB697F53C01D01595ACC904540300F9EDAEF8753C098A37674CB904540C39F145BF48753C00777935460914540A720FDD8D89D53C05DD709EBA3904540,41,36,New York,Orleans,,36073,73,2012-06-15,2012-06-15
0106000020E6100000010000000103000000010000001400000024AFFB7D637952C01A7100D3CF7F4440AD73961F087952C04B9E6BEBF08744402B6060239C7952C0010B5CA14792444032F8B508537B52C0946BDE5AD89844404C18EFCFF07D52C0BF68DDF4F19E44405EFA84B02C7E52C0F46DBDB353A14440A57CCC0D1E7D52C0EBF1D19364A54440C92B9390B87E52C083875A5393A944402C7A4AB3D56252C099DF8819C2AE4440334B4C74376352C03AE12E5D95A54440A9FDE087995E52C0DB931704FA9A44403E182A4B6A6E52C00B721868D88C4440F553409CD66952C0132668719D814440FE90B83BCD6952C01920F952CB7F444024381C32EC7152C0CF0ED4047F71444096394BF7C47452C0C27F3D83457244406F938F789F7552C0A03DB5803F74444060C5A2802C7A52C09AC5213DB27644407CEC937E5A7952C06B2CAFD8FD7A444024AFFB7D637952C01A7100D3CF7F4440,28,36,New York,Westchester,,36119,119,2012-06-15,2012-06-15
0106000020E61000000100000001030000000100000013000000B640B7C9E37152C03435EDCFEA3A4540B3EC5A57089052C050374763DF33454027665774EC8F52C0A1D979949239454077EB206EB38E52C09EFCB66508404540C71E45E61B8F52C0B88CDFC1054645408FE06C0A6D8A52C0D49988DF76544540B7EC31A2088A52C03B0E6ABCB05A454068E24F60798B52C09B45B739305D4540072014839F7452C060FE0FAA3D6345402C08F261E77352C066D2C36A1063454082DD1FC0B37252C05383654ADD6445400DFAACDD247152C0C231AE8B73644540C4F4A45A386F52C07F20FD8A786745409B2546356F6B52C0434FEA2DCF61454093FFE417A76C52C0E8A33B5516594540786C0D42E77052C0BFE0081E784D4540F963E523CC7052C006911164BB4545404AB83D6A717252C02F33548B6B3D4540B640B7C9E37152C03435EDCFEA3A4540,2,36,New York,Albany,,36001,1,2012-06-15,2012-06-15
0106000020E6100000010000000103000000010000001F000000E9A33ECCB49752C039A09F1113CC444048DD7372049A52C09B1D54D18FC94440BDE8A87E779E52C0ACAB5291FDC044409213CE70C4AF52C0369EE181D6BF44406C74E7D398B052C05A0704879CB94440E3DC47144FB052C0459B6E090FB744400C8C1F38BDB252C0C7C17C8607B74440CDA94BDE4CB752C01804485E3CB94440677675414CB952C0E5B16CFCEAB84440B1029E0082B952C0F3ECAB591FBB44409C5D9F22AFBB52C033F4DA33FFBD444093DA41C631BE52C0841AC1B0E6BD4440E289E1E7F3C052C0A67CEB2A10C544406522FD079BC152C0E0740E2A6CC84440E07696AC78C452C0A793AD885FCD444043779A0CA3C452C0E39E6D6879CE4440205D7CE848C352C071FDE18793D1444058073C872FC452C0670F8CC57FDB4440723E4265A5C352C0205050C504DD4440D86C8DA4ECC352C0414B4CE497E244407F966DC937C652C0B3CC12A4B7E344409F82F26832C652C0351AC6E30AE6444050E8F2251CC552C00B70410336E8444099744EAA89C752C0C7E1586222EB44408CC4D6EAFBC752C0C76A0C02B2EC4440E054CB6D7DC952C0E69E71818AED44408D19901F7FB252C0BF62E809C10245401FEC0B4E2A9D52C0FE439EAB9AEF44401908C6E2E8A452C09885CA8462DF44409764498F4B9952C0888F09712AD24440E9A33ECCB49752C039A09F1113CC4440,3,36,New York,Sullivan,,36105,105,2012-06-15,2012-06-15
0106000020E61000000100000001030000000100000009000000364963A9287D52C0BF1C6C17A45E4440266F0421CC7852C06FDB03A1FA574440B21716BE487752C0CEE8F18017584440972C1BDC257652C030C1B3668853444077254C649B7A52C00D57E9E9C85044402D16DCDF4E7852C06D0416F08D4B44402F40232E428052C0C76425B2664A4440DD993431C68152C089332AC7D5514440364963A9287D52C0BF1C6C17A45E4440,4,36,New York,Kings,,36047,47,2012-06-15,2012-06-15
0106000020E61000000100000001030000000100000014000000F50C51AF7FB853C0077D669DDC82454063627AF83CBB53C00194713987884540C401C64DE9C353C0D8B9CEF1988B4540C939674E84C253C00C1644D0869245400A9C39B9FBC353C0A8D16AE854A24540F3ACDAE2BC9D53C03886217C9DAF4540A720FDD8D89D53C05DD709EBA390454072453017E29D53C06E21CF2C918B45406F4671781B9F53C00EDCC9ACE68A4540BB5DC47A63A053C09D917C8BFA8B4540E9972B5D9BA153C02D222E0B238B4540529FC99F9BA253C0CFA9C9A93B8C454094528C85A3A553C0521601A91B894540022DB10C6AA853C0E5214606988B4540B707E2926BAB53C0C13171C4278A45408A78AB5AD0AE53C03C27A281AB8A45402B27B11B75AF53C0AAC8A30184894540A5B1ADE7EDB453C03478007F42864540D567EC28FAB553C0699175FFEA824540F50C51AF7FB853C0077D669DDC824540,5,36,New York,Niagara,,36063,63,2012-06-15,2012-06-15
0106000020E61000000100000001030000000100000009000000321C8224190853C0F8F550813B344540E1864475481053C076F96601D7334540F1BD63B1E51053C0384AE90BCE4F4540BAC51B6EDE1053C0137FC5BFB95C4540CF977D8EC71153C0B5EB8EFB80634540549157B725F952C0EAC02393DC65454036FA8319D4F852C01B1BBE36245D4540EA5AC79E72F752C0838BC53DFA344540321C8224190853C0F8F550813B344540,6,36,New York,Cortland,,36023,23,2012-06-15,2012-06-15
0106000020E6100000010000000103000000010000000B00000083653B04DF7A52C01020D24EC2664440CCCC24A4137B52C07B111BAC48694440B7A8C381F27952C044D1C2A82F6C4440B3798420A27952C0F3674EA45D704440E323ED82087B52C06340C9C26971444060C5A2802C7A52C09AC5213DB27644406F938F789F7552C0A03DB5803F74444096394BF7C47452C0C27F3D834572444024381C32EC7152C0CF0ED4047F7144407948FA54F77252C030916EEC896A444083653B04DF7A52C01020D24EC2664440,7,36,New York,Bronx,,36005,5,2012-06-15,2012-06-15
0106000020E6100000010000000103000000010000001E000000CB46D4E4608152C0AD0A1416D47E464039C130F30F5652C0B7E1BE27C980464075173AD3725652C0BDC9424AB17D4640C31F59D1875552C0AB97B7905F77464077B8CFB6775852C0358BE616896C464041441B959E5752C0E990F8DAD8684640DB6A1E11EA5452C063D089404F6646405A6391D4E15752C09B2B6BC7B35C46402A2301F2EB5652C0B3601251165746403D21DFD2E05752C04D3D54B4A4544640A50ADD51B05752C0148C8D5932514640E23E86D26F5852C0073EEFDB554F4640FE336A50C35752C04004BD24224A4640DB261A8D425652C085694C8AE84646400EAC5CAB675552C0703B408CAC454640C3E216FA0F5E52C073346E6BA4444640AAA4D37A8F5E52C0E29EE80D12434640B2008119D45D52C0CC5EFC107D4146408E51937C426052C094CB3734013E464010FC94A08D6252C00739C631503E46407EEF38827D6452C093FCC5F1E13A46407A6016E82D6852C076B3A98EE9394640FE68CE0C4C6B52C0D9B884ECC437464004B8E00FEF6C52C04166864A3E38464076D7E492D16E52C0FED735496F3746405675DE54AD6F52C0A014F36741384640D8C7BEA8487A52C08D3FF64C5B36464058693082B67D52C029E0266E8F594640FFAF1AA3C47F52C09F1772B09E594640CB46D4E4608152C0AD0A1416D47E4640,8,36,New York,Clinton,,36019,19,2012-06-15,2012-06-15
0106000020E61000000100000001030000000100000029000000F2AAAEF9AE5C52C07A296D3B23E645409C20E064C88352C0D20DB6FDA5DE45400038124C958352C07FFB7C9886E545405EAC8D21C78852C01F6B01F950E8454020AD2286828952C07DB04F5801EA45407B0A2C6E068C52C0582CAB5979E945400502DAF19A8D52C0D3F8285BD6E745409E75FA173A9552C082809993F8F54540A0B97931679052C0C12F55573BFC454047680204D39152C0E383877A2D0F46409C98CF81E28552C026DA65119A114640F245296CA68852C02442AA5042334640D8C7BEA8487A52C08D3FF64C5B3646405675DE54AD6F52C0A014F3674138464076D7E492D16E52C0FED735496F37464004B8E00FEF6C52C04166864A3E384640FE68CE0C4C6B52C0D9B884ECC43746407A6016E82D6852C076B3A98EE93946407EEF38827D6452C093FCC5F1E13A464010FC94A08D6252C00739C631503E46408E51937C426052C094CB3734013E4640B2008119D45D52C0CC5EFC107D414640AAA4D37A8F5E52C0E29EE80D12434640C3E216FA0F5E52C073346E6BA44446400EAC5CAB675552C0703B408CAC4546402FE03CC0C55252C0C8C5E0BE6737464075FFF61E335352C047C5A182E83346409F96843F1B5552C0402689A6062F464064949E748A5352C085BE7B574C214640F4C2D637265852C07F125A7AC219464072EAACB5735852C00F4F5B9F071646405A2B01751A5A52C086685BE36F1146404CA56112295A52C0AA09A368A50D464072AF2691DA5B52C0D9327FCD2D084640BB41946FE75B52C0C29BCDD0D80546402E0E25CA205A52C06586701855024640E54733C8B65A52C0B115EC3C7DFE454020234E00F15952C07119266A18F545400FD78DFA015852C004DA7FB167F1454012721B949F5852C05374FC1DFAE64540F2AAAEF9AE5C52C07A296D3B23E64540,9,36,New York,Essex,,36031,31,2012-06-15,2012-06-15
0106000020E61000000100000001030000000100000017000000E2670813368A52C040DAC7A236AF4540ED05E3AD258952C051568E1813A04540B1F3F1D7418E52C01FD836F6B59F45406E81E9D62B8E52C0FA3BE698379C4540DC001003869452C0715D55B5069B454055BE0265DA9452C020D6FD12499E4540E52E899F34A252C0ADF86F6B179D4540308253BEBFAD52C0644D00636FA44540855B62D4BCB752C01661E27F6BAB4540C79AA4DDD5B152C0660E869A42BD4540D79B9A48ABB652C04B795708F9084640C88E278D51A252C00D284EDB460C464047680204D39152C0E383877A2D0F4640A0B97931679052C0C12F55573BFC45409E75FA173A9552C082809993F8F545400502DAF19A8D52C0D3F8285BD6E745407B0A2C6E068C52C0582CAB5979E9454020AD2286828952C07DB04F5801EA45405EAC8D21C78852C01F6B01F950E845400038124C958352C07FFB7C9886E545409C20E064C88352C0D20DB6FDA5DE4540BC5A00E5BF8D52C0EF36F1DE69DC4540E2670813368A52C040DAC7A236AF4540,10,36,New York,Hamilton,,36041,41,2012-06-15,2012-06-15
0106000020E61000000100000001030000000100000026000000D79B9A48ABB652C04B795708F9084640C79AA4DDD5B152C0660E869A42BD4540855B62D4BCB752C01661E27F6BAB4540308253BEBFAD52C0644D00636FA4454014B7D01270AC52C0F1081B0AFD974540AE12E554F4AD52C0E368C92AE095454035F237342FAE52C0AC5D0C0CB8934540CBDA1F962FAF52C0725EE70B2093454016B84FD569AF52C0B4E0618D9E904540D90BB41749B152C0D1F6108ECD8D454035D1BE5696B152C0917052505D8A4540B7938513EDB052C079554BF2EF8645401C7681F0D5AF52C03127CB53AB8545401D6116ADADAF52C0021D3958DC7E45408545106EDFB052C071E53224E66E45400A820F8295B852C0B2CC159D39734540F67E2DE302B952C050989183F46A4540006DBBC648BA52C0688F08C4E36945403D2906E153C652C0CDC42995877445409A4C6566AEC852C0AB4153788D6E45406EC1E68F99CD52C0AFBCCA951D6E4540C05C8CAFA0CD52C0149C7CD350714540F0287451B5CD52C093A45FE921884540D2D402C55CC452C06A02AF637D9D4540DD842CAF51C852C05276BC843A9F4540E4047390A6C852C00979D82463A0454091BCC13319CA52C04C07B0C54DA04540D54DC43459CA52C00803BF454AA1454083A523F48BC952C0515055A47CA64540C32D9FCF80C752C0D2F427C3BEA74540A31D354D7EC652C019D3A6A269A7454031E33ACCEFC552C03F4B75C24BA84540F9BE4F0D3BC652C0DDA16322CEA94540B4A3CEAA24C552C0D82B39A2E1A94540368E57915FC752C0B81E4D1E41CE4540C835A7D37CCA52C0CAE56B1CE10B4640BD944B634BC452C03B35EA1AAD064640D79B9A48ABB652C04B795708F9084640,11,36,New York,Herkimer,,36043,43,2012-06-15,2012-06-15
0106000020E61000000100000001030000000100000029000000767AC12B015052C049527B10CAA745407D9C1C12AA5152C0A648D58E5B78454009EE473B655852C0A71BADEC13784540A1EDBF7F785B52C0C6DEA26B427A45409BD093E2B85D52C0134C5B8B5B78454006557511BD6852C0BC528B2442784540C781E8F0496852C015CA5CA3BF7B45403E6F634F146752C077E38B832F7E45408BDD56CB1B6552C0B3E78098998D4540C85699AC4A6652C06FACAA500F954540721B9F0A786552C02B41C5CB489B454046E9C6CB576652C039ADBF47F59E45403D0FBD4ADA6552C0E61F5E8584A145400EA21B6CBB6652C0751F70C28FA345402AE3894B916652C003E0D3DED3A6454084517BB03A6952C0D202C55D45C24540A1E9A0AFEE6752C0560A7FFBE4C34540FC55FFB0516752C0BD2D3D9856C6454024C95373A36752C0174D08B6DAC74540CAEEFCD0386652C0ADE290D45EC8454050FB96911B6252C0D2AC78819BD14540FE54CFAE965F52C08F209ED953D445400CE2ABB2925F52C05FC3E3D094D845400DC63FB8295E52C0238FF22032E145403623EEDA645E52C020677F7C49E44540F2AAAEF9AE5C52C07A296D3B23E6454012721B949F5852C05374FC1DFAE6454057DA4DCFF95652C079ABE483A3E3454041CC0BADD35652C0476F7DE7D6E0454011C7524ABE5752C0638A6C906DDB454068621FC6115B52C04B28D022E9D0454025489EC0C55A52C0494F2DAF8ECA454078FAFADCD65852C02D5529B3D9C84540AAECBF9F465752C0DA773E48B8CE4540D41D191C6D5352C0B0CD8CA7F6CF45405236C19AD25252C059F804C950CF4540759A92F7075252C0239F828FEDCB4540E192A256A65252C0952F53B39AC94540D8D91F93A35052C065762DD799C74540F923DCCD414F52C00CFEA281A4C14540767AC12B015052C049527B10CAA74540,12,36,New York,Washington,,36115,115,2012-06-15,2012-06-15
0106000020E610000001000000010300000001000000210000002AE3894B916652C003E0D3DED3A64540C1F560B04C6952C02FB403FD02A74540502DA192596A52C0E066A57DADA54540C299A893C26A52C0C89D05E188A245406A89B195F76B52C0877FE31FD5A24540CFC80937BA6C52C0A51C0ABDDFA44540E75A1A1BDD6E52C03CACD71C9AA34540B33CD1BCCA6F52C032FF7CDD7FA24540BFFCA9FC976F52C023D0401FDEA0454054EB221E677052C061080DE17B9E4540A8B9FAFF687152C00CC2BB81529D45408EBE4AC3227352C031C8033F4CA045403A16BE67827552C063DA0B3EB6A04540F07ECD65A87452C0C1A5443811A6454078285329967652C0DE3ADCD2AEA9454056BF4A498B7652C00C34A590B8AB4540488AB86BE97752C0F72DAE4C49AE454026DDEFCC977852C0DE90594601B34540E2670813368A52C040DAC7A236AF4540BC5A00E5BF8D52C0EF36F1DE69DC45409C20E064C88352C0D20DB6FDA5DE4540F2AAAEF9AE5C52C07A296D3B23E645403623EEDA645E52C020677F7C49E445400DC63FB8295E52C0238FF22032E145400CE2ABB2925F52C05FC3E3D094D84540FE54CFAE965F52C08F209ED953D4454050FB96911B6252C0D2AC78819BD14540CAEEFCD0386652C0ADE290D45EC8454024C95373A36752C0174D08B6DAC74540FC55FFB0516752C0BD2D3D9856C64540A1E9A0AFEE6752C0560A7FFBE4C3454084517BB03A6952C0D202C55D45C245402AE3894B916652C003E0D3DED3A64540,13,36,New York,Warren,,36113,113,2012-06-15,2012-06-15
0106000020E6100000010000000103000000010000000B000000C92B9390B87E52C083875A5393A94440A57CCC0D1E7D52C0EBF1D19364A544405EFA84B02C7E52C0F46DBDB353A144404C18EFCFF07D52C0BF68DDF4F19E444032F8B508537B52C0946BDE5AD89844402B6060239C7952C0010B5CA147924440AD73961F087952C04B9E6BEBF087444024AFFB7D637952C01A7100D3CF7F44403763F96CA28D52C06D1D8181D28F444030F96FD1828F52C0C82985BF9D914440C92B9390B87E52C083875A5393A94440,29,36,New York,Rockland,,36087,87,2012-06-15,2012-06-15
0106000020E6100000010000000103000000010000002F000000072014839F7452C060FE0FAA3D634540FA44A5CA4A7952C0F563FE81276C45400C9850CC017A52C0B90AA2DD7C734540A933DE913E7D52C0735D57DC837245408A7D6A749C7E52C0FD2B703A017545406E50C19CA88352C08DFEE0158B7945403B52FF3FF18552C00BB64D54997945408C9704A2588652C0E7355892057E4540ED05E3AD258952C051568E1813A04540E2670813368A52C040DAC7A236AF454026DDEFCC977852C0DE90594601B34540488AB86BE97752C0F72DAE4C49AE454056BF4A498B7652C00C34A590B8AB454078285329967652C0DE3ADCD2AEA94540F07ECD65A87452C0C1A5443811A645403A16BE67827552C063DA0B3EB6A045408EBE4AC3227352C031C8033F4CA04540A8B9FAFF687152C00CC2BB81529D454054EB221E677052C061080DE17B9E4540BFFCA9FC976F52C023D0401FDEA04540B33CD1BCCA6F52C032FF7CDD7FA24540E75A1A1BDD6E52C03CACD71C9AA34540CFC80937BA6C52C0A51C0ABDDFA445406A89B195F76B52C0877FE31FD5A24540C299A893C26A52C0C89D05E188A24540502DA192596A52C0E066A57DADA54540C1F560B04C6952C02FB403FD02A745402AE3894B916652C003E0D3DED3A645400EA21B6CBB6652C0751F70C28FA345403D0FBD4ADA6552C0E61F5E8584A1454046E9C6CB576652C039ADBF47F59E4540721B9F0A786552C02B41C5CB489B4540C85699AC4A6652C06FACAA500F9545408BDD56CB1B6552C0B3E78098998D45403E6F634F146752C077E38B832F7E4540C781E8F0496852C015CA5CA3BF7B454006557511BD6852C0BC528B24427845400AD927B4A06A52C0E9AA8C24B5754540D4EC5395796B52C062DB5F25EB724540BD2DE614366B52C0F86DF6E8DF6B45404490D4936B6A52C01B20DA4A436845409B2546356F6B52C0434FEA2DCF614540C4F4A45A386F52C07F20FD8A786745400DFAACDD247152C0C231AE8B7364454082DD1FC0B37252C05383654ADD6445402C08F261E77352C066D2C36A10634540072014839F7452C060FE0FAA3D634540,14,36,New York,Saratoga,,36091,91,2012-06-15,2012-06-15
0106000020E61000000100000001030000000100000013000000ED05E3AD258952C051568E1813A045408C9704A2588652C0E7355892057E45402985E8D071A252C09DB1CDA0C47D45401C7681F0D5AF52C03127CB53AB854540B7938513EDB052C079554BF2EF86454035D1BE5696B152C0917052505D8A4540D90BB41749B152C0D1F6108ECD8D454016B84FD569AF52C0B4E0618D9E904540CBDA1F962FAF52C0725EE70B2093454035F237342FAE52C0AC5D0C0CB8934540AE12E554F4AD52C0E368C92AE095454014B7D01270AC52C0F1081B0AFD974540308253BEBFAD52C0644D00636FA44540E52E899F34A252C0ADF86F6B179D454055BE0265DA9452C020D6FD12499E4540DC001003869452C0715D55B5069B45406E81E9D62B8E52C0FA3BE698379C4540B1F3F1D7418E52C01FD836F6B59F4540ED05E3AD258952C051568E1813A04540,15,36,New York,Fulton,,36035,35,2012-06-15,2012-06-15
0106000020E6100000010000000103000000010000000F0000008545106EDFB052C071E53224E66E45401D6116ADADAF52C0021D3958DC7E45401C7681F0D5AF52C03127CB53AB8545402985E8D071A252C09DB1CDA0C47D45408C9704A2588652C0E7355892057E45403B52FF3FF18552C00BB64D54997945407EAC719D898552C0434DD636CA724540F1CD16053F9052C009651F12E1674540E600BC04909052C0FFD691120466454062C152271E9252C0B95CD3B234644540A075A813A29752C03E8A02B21E64454012A3865EBE9C52C019E0F9517562454031E2C891B8A452C0B6C9E98C81684540FAEBD6DC87A952C017A9D6C9D86A45408545106EDFB052C071E53224E66E4540,16,36,New York,Montgomery,,36057,57,2012-06-15,2012-06-15
0106000020E61000000100000001030000000100000015000000616764E7735652C041BA2FD69B404540B640B7C9E37152C03435EDCFEA3A45404AB83D6A717252C02F33548B6B3D4540F963E523CC7052C006911164BB454540786C0D42E77052C0BFE0081E784D454093FFE417A76C52C0E8A33B55165945409B2546356F6B52C0434FEA2DCF6145404490D4936B6A52C01B20DA4A43684540BD2DE614366B52C0F86DF6E8DF6B4540D4EC5395796B52C062DB5F25EB7245400AD927B4A06A52C0E9AA8C24B575454006557511BD6852C0BC528B24427845409BD093E2B85D52C0134C5B8B5B784540A1EDBF7F785B52C0C6DEA26B427A454009EE473B655852C0A71BADEC137845407D9C1C12AA5152C0A648D58E5B784540981BE7B0E45152C04764AF33266B45402C3F0072F45252C03561D0B4DA664540A13E96CE3B5152C0F9328678AD5F45405F68460D845052C05B21AAD97E5F4540616764E7735652C041BA2FD69B404540,17,36,New York,Rensselaer,,36083,83,2012-06-15,2012-06-15
0106000020E61000000100000001030000000100000013000000072014839F7452C060FE0FAA3D63454068E24F60798B52C09B45B739305D4540C23AD624308D52C042D370B9165B4540A836C4489F9052C07593C556405B4540BC0FBD8A6C9352C0351DE6B4435E4540D77033066E9252C0BB3133B498604540D64FB482DF9052C04BDB2E941161454083D9D421F58F52C01CED8CB32A63454018C82083D78F52C060FD53B37E654540E600BC04909052C0FFD6911204664540F1CD16053F9052C009651F12E16745407EAC719D898552C0434DD636CA7245403B52FF3FF18552C00BB64D54997945406E50C19CA88352C08DFEE0158B7945408A7D6A749C7E52C0FD2B703A01754540A933DE913E7D52C0735D57DC837245400C9850CC017A52C0B90AA2DD7C734540FA44A5CA4A7952C0F563FE81276C4540072014839F7452C060FE0FAA3D634540,18,36,New York,Schenectady,,36093,93,2012-06-15,2012-06-15
0106000020E61000000100000001030000000100000031000000C05C8CAFA0CD52C0149C7CD3507145406EC1E68F99CD52C0AFBCCA951D6E45409A4C6566AEC852C0AB4153788D6E45403D2906E153C652C0CDC4299587744540006DBBC648BA52C0688F08C4E3694540F67E2DE302B952C050989183F46A45400A820F8295B852C0B2CC159D397345408545106EDFB052C071E53224E66E4540FAEBD6DC87A952C017A9D6C9D86A454093479F7E14AB52C05FDDCC1079604540571B422607A952C0F114D0B7AE54454007F9052BC4A852C0883C695ABD4F4540BE4690B08BA952C0254AC37CE44B4540920BD622F6AD52C036FB5DE389424540CBE9C50A56B152C0DF3FF965B2404540690F869171B552C077C45E08ED414540DCD7D380C6BB52C05CEF32B6233C454090896F4006BC52C0CFA7CCF3A53D454065BCD643BBBD52C08D72B895193D454033735547C8BE52C01DCF5F9CC439454031A955284DBF52C01BC9823CFE3945406581D8A9E3BF52C0BD7E035FC33845404193B5ABC4C052C0B44651BD54394540F76B808E6CC152C0E3C6B4618736454081F66E9846C552C09320939FD33545402F134F23D1C852C04AF49AA43A314540FE5CC20C2CCC52C0363059468D2E4540E9DBFCEB44CC52C0C0DECBC2A43045408A062CB100CE52C00CFC74E4EC2E4540F366E7B638D052C0E7C793433E2E4540B8FD9B6197D352C061ED01A73B294540ACEC86A7ECD552C019C3336532284540478EAB3143DA52C003C1FCBC35294540BB324B6D0AD952C016FF60161F2E4540580D35AECBD952C0932F524E0F324540DF3DC407E4D752C0128772A9673645405A55A7C94DD952C0E114775C7B3C45403F80CBE725D952C0B0EAC155CA404540EC78A9E43ED852C0C9ED95B525424540D69B1401AFD752C04C6B5832B5454540B8BFE4D75DD552C03780D6512149454047ECBE318CD452C0C876808B414F4540DB1F336E90D452C01A9474A430554540D4A476FF4ED252C05380173AD35F4540345C20D746D052C03BF97199DE64454037762FF492CF52C019145C162B6B45401436F1D422D052C0780C2833D06F45408D55A673B4CF52C0CD337F92CF704540C05C8CAFA0CD52C0149C7CD350714540,19,36,New York,Otsego,,36077,77,2012-06-15,2012-06-15
0106000020E6100000010000000103000000010000002000000068E24F60798B52C09B45B739305D4540B7EC31A2088A52C03B0E6ABCB05A45408FE06C0A6D8A52C0D49988DF76544540C71E45E61B8F52C0B88CDFC10546454077EB206EB38E52C09EFCB6650840454027665774EC8F52C0A1D9799492394540B3EC5A57089052C050374763DF33454061FD1A98968F52C0B395D54DEB2F4540136771FC409152C082C99CF1392E45405A608AC5C79552C0544DA053462D4540547BFC67B19752C025DFA34D882F454025E49611239C52C0F1DB67F2952D4540AC6D369F9EA752C0A82C1A5916374540920BD622F6AD52C036FB5DE389424540BE4690B08BA952C0254AC37CE44B454007F9052BC4A852C0883C695ABD4F4540571B422607A952C0F114D0B7AE54454093479F7E14AB52C05FDDCC1079604540FAEBD6DC87A952C017A9D6C9D86A454031E2C891B8A452C0B6C9E98C8168454012A3865EBE9C52C019E0F95175624540A075A813A29752C03E8A02B21E64454062C152271E9252C0B95CD3B234644540E600BC04909052C0FFD691120466454018C82083D78F52C060FD53B37E65454083D9D421F58F52C01CED8CB32A634540D64FB482DF9052C04BDB2E9411614540D77033066E9252C0BB3133B498604540BC0FBD8A6C9352C0351DE6B4435E4540A836C4489F9052C07593C556405B4540C23AD624308D52C042D370B9165B454068E24F60798B52C09B45B739305D4540,20,36,New York,Schoharie,,36095,95,2012-06-15,2012-06-15
0106000020E61000000100000001030000000100000028000000E054CB6D7DC952C0E69E71818AED444001E54B50F6CA52C0B0D65D6015EF4440EF6349FB49D052C055F9E93D37EF4440715625FA27D252C0AF0715154BF94440147A907EBDD452C09BEDE50E0BFB4440DFD4D43E1FD652C015BD478B15FF44401D91F60280D852C0C14D4226CAFF44402ECC5D06FCD952C06A4FE761F70145405FCC8B0B58DB52C05CD0D5FB570745407C59ACF2F7DA52C0C9A2F370DA184540478EAB3143DA52C003C1FCBC35294540ACEC86A7ECD552C019C3336532284540B8FD9B6197D352C061ED01A73B294540F366E7B638D052C0E7C793433E2E45408A062CB100CE52C00CFC74E4EC2E4540E9DBFCEB44CC52C0C0DECBC2A4304540FE5CC20C2CCC52C0363059468D2E45402F134F23D1C852C04AF49AA43A31454081F66E9846C552C09320939FD3354540F76B808E6CC152C0E3C6B461873645404193B5ABC4C052C0B44651BD543945406581D8A9E3BF52C0BD7E035FC338454031A955284DBF52C01BC9823CFE39454033735547C8BE52C01DCF5F9CC439454065BCD643BBBD52C08D72B895193D454090896F4006BC52C0CFA7CCF3A53D4540DCD7D380C6BB52C05CEF32B6233C4540690F869171B552C077C45E08ED414540CBE9C50A56B152C0DF3FF965B2404540920BD622F6AD52C036FB5DE389424540AC6D369F9EA752C0A82C1A591637454025E49611239C52C0F1DB67F2952D4540107F73D0239B52C0B3BF73F55E2C45404CD28BA604A252C0338BE43E4E194540F174471EB29C52C034AE91E5AE1545405F404C8672A052C078BBDC2966124540F6C1B38844A252C04695C92818124540DA43A3AB27A452C065F7B9ABC30E45408D19901F7FB252C0BF62E809C1024540E054CB6D7DC952C0E69E71818AED4440,21,36,New York,Delaware,,36025,25,2012-06-15,2012-06-15
0106000020E610000001000000010300000001000000120000006CBF04A1FD5E52C079DB3B1F12064540308EE605B86152C0F199011E44064540A5749B4D106252C021353725C8FD444031F1A200DC6E52C017D09781E0004540CA62ADF3C27952C0B9EDEE76350A4540801AF118F07B52C0696E6497FA094540C1E5DA51C97A52C09CD3D86FC71045405D5C93ECB67952C023F86FEAE7144540F2FADF644B7752C0D9233F46371845405D6FB07C9F7552C0A78EA83DB91E4540BF6FE9D6A27352C0A64D64996421454038804B91F67152C00363A271DD2545400672D60EBD7252C0125BAC7D05324540B7F5D8499D7152C003CD3633FF384540B640B7C9E37152C03435EDCFEA3A4540616764E7735652C041BA2FD69B404540E1CBA3FEEC5F52C0614C803BEA0945406CBF04A1FD5E52C079DB3B1F12064540,22,36,New York,Columbia,,36021,21,2012-06-15,2012-06-15
0106000020E61000000100000001030000000100000018000000B640B7C9E37152C03435EDCFEA3A4540B7F5D8499D7152C003CD3633FF3845400672D60EBD7252C0125BAC7D0532454038804B91F67152C00363A271DD254540BF6FE9D6A27352C0A64D6499642145405D6FB07C9F7552C0A78EA83DB91E4540F2FADF644B7752C0D9233F46371845405D5C93ECB67952C023F86FEAE7144540C1E5DA51C97A52C09CD3D86FC7104540D88CDDB9DA7F52C0E78E616AB6164540F9010E1ECE8052C0EC5DF5AC271445409CDD0082968252C0A9F43D4B3315454086CDC70CC38452C037151F755C0C454011A634EDDA9252C0ABFE46116A0E4540F174471EB29C52C034AE91E5AE1545404CD28BA604A252C0338BE43E4E194540107F73D0239B52C0B3BF73F55E2C454025E49611239C52C0F1DB67F2952D4540547BFC67B19752C025DFA34D882F45405A608AC5C79552C0544DA053462D4540136771FC409152C082C99CF1392E454061FD1A98968F52C0B395D54DEB2F4540B3EC5A57089052C050374763DF334540B640B7C9E37152C03435EDCFEA3A4540,23,36,New York,Greene,,36039,39,2012-06-15,2012-06-15
0106000020E6100000010000000103000000010000001E000000E9A33ECCB49752C039A09F1113CC44409764498F4B9952C0888F09712AD244401908C6E2E8A452C09885CA8462DF44401FEC0B4E2A9D52C0FE439EAB9AEF44408D19901F7FB252C0BF62E809C1024540DA43A3AB27A452C065F7B9ABC30E4540F6C1B38844A252C04695C928181245405F404C8672A052C078BBDC2966124540F174471EB29C52C034AE91E5AE15454011A634EDDA9252C0ABFE46116A0E454086CDC70CC38452C037151F755C0C45409CDD0082968252C0A9F43D4B33154540F9010E1ECE8052C0EC5DF5AC27144540D88CDDB9DA7F52C0E78E616AB6164540C1E5DA51C97A52C09CD3D86FC7104540801AF118F07B52C0696E6497FA094540134B6EA57C7D52C015AF7647C3F44440A74796033A7C52C04698366A5EEE4440369F0367C87C52C00D64AA2EA1E244404E2546A6317C52C04165547048DD4440807B6009257D52C0041D365136CB4440DB5F6918468352C029898871A1CA4440070C465D3D8552C006F140D1F0CD444010062985588852C0EFA85A51ECCE444007363B65438852C0CE04B9B116CB4440B55EB6CF4F8C52C07AD0A1D11FCC4440BF915C79349052C0A01C6D91DACD444010D66959689052C0338714D165D14440290A0EA80E9652C02B2BA5518CCC4440E9A33ECCB49752C039A09F1113CC4440,24,36,New York,Ulster,,36111,111,2012-06-15,2012-06-15
0106000020E61000000100000001030000000100000013000000836868F1186152C04FD01F3435D54440B0BDA6F1F16152C00C6F6853E9C24440B112E538AC6552C0E8AA1DB266C34440AE994C266C7B52C0B102C1D1D5BE4440AF17740ECC7E52C0C58AD4F245B84440A5238830EF7F52C0231508535DBA4440AE3A15CFA87F52C0FA956FB2C6C34440807B6009257D52C0041D365136CB44404E2546A6317C52C04165547048DD4440369F0367C87C52C00D64AA2EA1E24440A74796033A7C52C04698366A5EEE4440134B6EA57C7D52C015AF7647C3F44440801AF118F07B52C0696E6497FA094540CA62ADF3C27952C0B9EDEE76350A454031F1A200DC6E52C017D09781E0004540A5749B4D106252C021353725C8FD4440308EE605B86152C0F199011E440645406CBF04A1FD5E52C079DB3B1F12064540836868F1186152C04FD01F3435D54440,25,36,New York,Dutchess,,36027,27,2012-06-15,2012-06-15
0106000020E6100000010000000103000000010000001B00000014BAAFD2CDAC52C04B825894DFAC4440837D6B3223AD52C03C829BF101B0444080C0475463AF52C060C6F3CD68B34440B26877D35CAF52C0332E6B0B06B64440E3DC47144FB052C0459B6E090FB744406C74E7D398B052C05A0704879CB944409213CE70C4AF52C0369EE181D6BF4440BDE8A87E779E52C0ACAB5291FDC0444048DD7372049A52C09B1D54D18FC94440E9A33ECCB49752C039A09F1113CC4440290A0EA80E9652C02B2BA5518CCC444010D66959689052C0338714D165D14440BF915C79349052C0A01C6D91DACD4440B55EB6CF4F8C52C07AD0A1D11FCC444007363B65438852C0CE04B9B116CB444010062985588852C0EFA85A51ECCE4440070C465D3D8552C006F140D1F0CD4440DB5F6918468352C029898871A1CA4440807B6009257D52C0041D365136CB4440AE3A15CFA87F52C0FA956FB2C6C34440A5238830EF7F52C0231508535DBA4440AF17740ECC7E52C0C58AD4F245B84440F6FAAA0B1D7D52C08DBDBF92CFB24440C92B9390B87E52C083875A5393A9444030F96FD1828F52C0C82985BF9D914440E888AA88CE9752C07A82B49C1199444014BAAFD2CDAC52C04B825894DFAC4440,26,36,New York,Orange,,36071,71,2012-06-15,2012-06-15
0106000020E6100000010000000103000000010000001400000051DE4A05995E52C097FCB9799B704440ECD3B1E3215D52C044A3935AD76D4440CF42D2AA0A5B52C0E1D43C4DA65444401B5B0631247052C0F85C266F1B4C44404DB52CD0816F52C0E0C2D82DCE4C444033A9AA30E46F52C0BC363AACD64E4440BBF319B2BA7052C0ED55C46B224F4440E66E7EB2F47052C095070E0987514440B61BAE8F616F52C0B260B2A7605244408028700F436F52C0E7E8E165C5534440400A6D2E9A6E52C03A80C1E40E5444406FA994ED776E52C05383641A3B5D4440256611CB1B6D52C0F5EAF117DD5D4440B2A2718ADF6C52C0E5A05CB6235F4440D540B24A1A6D52C04923D714D3604440AEB598EFBC6F52C01FEA1BB5816344409CA58030407052C05C58C313F96444409C53196FF76F52C066B51BEB286C4440EA6A3D164A6652C04D90723C9A73444051DE4A05995E52C097FCB9799B704440,30,36,New York,Nassau,,36059,59,2012-06-15,2012-06-15
0106000020E61000000100000001030000000100000009000000015A292B887E52C0E00C6A0E14664440E323ED82087B52C06340C9C269714440B3798420A27952C0F3674EA45D704440B7A8C381F27952C044D1C2A82F6C4440CCCC24A4137B52C07B111BAC4869444083653B04DF7A52C01020D24EC266444014C4374F658052C01C5387BC1C5A444089C87D8F668052C05DF0EBF66D5E4440015A292B887E52C0E00C6A0E14664440,31,36,New York,New York,,36061,61,2012-06-15,2012-06-15
0106000020E61000000200000001030000000100000010000000972C1BDC257652C030C1B36688534440B21716BE487752C0CEE8F18017584440266F0421CC7852C06FDB03A1FA574440364963A9287D52C0BF1C6C17A45E4440335BD281897952C05B3D10F0076644409CA58030407052C05C58C313F9644440AEB598EFBC6F52C01FEA1BB581634440D540B24A1A6D52C04923D714D3604440B2A2718ADF6C52C0E5A05CB6235F4440256611CB1B6D52C0F5EAF117DD5D44406FA994ED776E52C05383641A3B5D4440400A6D2E9A6E52C03A80C1E40E5444408028700F436F52C0E7E8E165C5534440B61BAE8F616F52C0B260B2A760524440E66E7EB2F47052C095070E0987514440972C1BDC257652C030C1B3668853444001030000000100000006000000BBF319B2BA7052C0ED55C46B224F444033A9AA30E46F52C0BC363AACD64E44404DB52CD0816F52C0E0C2D82DCE4C44401B5B0631247052C0F85C266F1B4C4440B1E362A55D7B52C09AD0F51561474440BBF319B2BA7052C0ED55C46B224F4440,32,36,New York,Queens,,36081,81,2012-06-15,2012-06-15
0106000020E610000001000000010300000001000000130000005E1AA6CB697F53C01D01595ACC9045404A5ABA147D7F53C0CA58FF0CCBAE4540AF449733AE6F53C0A99033DAE6AA4540B23F1275D86453C076C5B808EB9E4540159372F1255853C0810C728F4AA345408E82B7835B5753C04075C671A88445403F6F973DDC5E53C0F63959927F844540F02D4438B05E53C0E63E77B6EA784540E847E1081B6553C01C75AA330979454028B99943D77053C0B75E5F2D9C78454008062C008A6E53C0631E538EF47A45401EF57322866E53C0550652EDDB7E4540CFCF9778087A53C008684844A77E454047BFE3FA2E7A53C00D47BB228C824540C7D7D7198C7953C0D25445A3C28245404636117B947953C0EBC763625285454096B6F361277D53C08D1CB11F5785454082D4D640257A53C0035E471EC49045405E1AA6CB697F53C01D01595ACC904540,42,36,New York,Monroe,,36055,55,2012-06-15,2012-06-15
0106000020E61000000200000001030000000100000017000000CF42D2AA0A5B52C0E1D43C4DA6544440ECD3B1E3215D52C044A3935AD76D444051DE4A05995E52C097FCB9799B7044407C69D7BB8F5B52C0ABDEEC55167644405F4A2FBFBA4D52C00132F05555734440E2089ACF054952C0BB150458C7794440D45C657B5C4152C05F119D9DF57B4440FC00BBAE6B2852C027E8F9C09A7D444001FE483E4A1452C046BA1C5B1D93444098115559FE1152C021B10B993E924440231F3983AC1652C0D87FE21F1B8E444069833868A51A52C00ED05B48558344400E4CE11C432352C0D14EB2C8AB7B444084E8C34BB52652C05674DCE3E0734440B2F36292781E52C0615E7D6BC77544402412DEDCC11252C0B4DCD00013834440F55FFFB1030D52C0433CE3218784444051763AC0ED0452C033F07ED112804440E32A83E71DFB51C08D053114DD8A44405652D4DCADF751C0939C9F7789894440D9179704CCFA51C0FAB0D0D9E9834440544F02C15A2152C045546F4853684440CF42D2AA0A5B52C0E1D43C4DA65444400103000000010000000C000000CFD5707AC15252C00BA9D74A2D50444083BFF619A25252C05348F4A908514440F59DC152634F52C0E5CA58A70851444030384BF5434352C0CBB63EE06B5644407784853A1F3852C06F9A275D615E44406740FC8C0F3252C07A93B21ECF6144402B1DA609783052C09ECD247F4C624440E6BB5ECAE53052C0996A78FF1261444031D5AB46343D52C06545A9DE9A5944402D3D6BD2FA4152C0CBFBAA80EE5544408E926374F04F52C07794A0E80D504440CFD5707AC15252C00BA9D74A2D504440,33,36,New York,Suffolk,,36103,103,2012-06-15,2012-06-15
0106000020E6100000010000000103000000010000000800000086B5F8042A8F52C00FE957B7C4404440AB34D7052A8F52C09983CD11DA444440F6FC6EA0A48A52C091448085EF4F444072046CD6A98452C0128B23E4245344409E964CD4C98352C0AF32CECC044D4440D145463ADF8752C0C7D09314BA454440749CC4A0648C52C0C23D16185A41444086B5F8042A8F52C00FE957B7C4404440,34,36,New York,Richmond,,36085,85,2012-06-15,2012-06-15
0106000020E6100000010000000103000000010000000F000000C835A7D37CCA52C0CAE56B1CE10B464096C0A22D9FDC52C0E4DD3D8B811B464035A9FE1E46F652C0D780F620F43146402C4947D88DF052C02E42F5893E4246406CCDB1140CD552C07A1C7BB2C2674640FB6A0C68FBBD52C019DF848C6C794640094535631CAF52C08D40D1E0177F46409D67FD0CC5AD52C0D55868C335794640AACA20F384A952C026580213F678464057AC961228A252C026A723DBC6164640C86753D568A352C08863B37BF7134640C88E278D51A252C00D284EDB460C4640D79B9A48ABB652C04B795708F9084640BD944B634BC452C03B35EA1AAD064640C835A7D37CCA52C0CAE56B1CE10B4640,35,36,New York,St. Lawrence,,36089,89,2012-06-15,2012-06-15
0106000020E6100000010000000103000000010000001B000000336928A3290D53C087960BB762D745409A9692065C0F53C0FFF44073E5EA45403BC521E2650C53C07C28AD7BCCF44540ED3FC59D420853C01EDAC69752F74540AD8C6B039C0853C03437507CB1014640F479A612E60C53C081CEBF84650846402AA45321001353C045150ED16005464073912671391753C09E0EAFE3960C464035A9FE1E46F652C0D780F620F431464096C0A22D9FDC52C0E4DD3D8B811B4640E66FAAAF1CE352C0B58173224D0D4640A942B87A47DF52C0C12B80515D09464014311C1325E052C00C6BCD97A90646400E74006F51DF52C09CF0DBB983054640F9B8D9CA46E052C0A049561DDC034640BBAB5E8249E052C0C44277431E0146408A9371E92CE352C0B447183E0D014640CB426DA226E352C0C7E3178156FB454075B994AB03E752C0D348D5BA4DFB454004F9FE561BF052C01D19B3D784F04540405EE860CDF552C081EAAE472EF14540DB847AF875F652C06037AE18DAE5454086EB969098F252C03BEFDE7F06E54540BABC194694F152C0AB06F06858D84540C823B9AA220253C0B70963DB50DA45402B97D849FD0153C05BFECFDEF2D54540336928A3290D53C087960BB762D74540,36,36,New York,Jefferson,,36045,45,2012-06-15,2012-06-15
0106000020E61000000100000001030000000100000014000000BABC194694F152C0AB06F06858D8454086EB969098F252C03BEFDE7F06E54540DB847AF875F652C06037AE18DAE54540405EE860CDF552C081EAAE472EF1454004F9FE561BF052C01D19B3D784F0454075B994AB03E752C0D348D5BA4DFB4540CB426DA226E352C0C7E3178156FB45408A9371E92CE352C0B447183E0D014640BBAB5E8249E052C0C44277431E014640F9B8D9CA46E052C0A049561DDC0346400E74006F51DF52C09CF0DBB98305464014311C1325E052C00C6BCD97A9064640A942B87A47DF52C0C12B80515D094640E66FAAAF1CE352C0B58173224D0D464096C0A22D9FDC52C0E4DD3D8B811B4640C835A7D37CCA52C0CAE56B1CE10B4640368E57915FC752C0B81E4D1E41CE4540E78B09B549E252C0A8BD48E80EB64540DAF7D35691F052C03882B60B1CBC4540BABC194694F152C0AB06F06858D84540,37,36,New York,Lewis,,36049,49,2012-06-15,2012-06-15
0106000020E6100000010000000103000000010000001F000000C612D87C43FF52C03CA050BCDD974540BB9F79E63F0353C0978FDF7DE39A4540774C254AA70453C012E4189D9C9A45403671690B410553C09F4AFDDE189D45404C76E59EB50C53C0DED26D60DAA245406826AF21C90D53C08203FB1F2DA24540355D797F250D53C0509EC3BD7A9D45407AA42A02500E53C08A1FCA9BEF9A4540CF43BE09071153C0C51FD61D929E4540EF6B20EA4C1153C07199EF1B979B4540AD3DA3ADA41253C070AB759A169A4540ADB3EF51F51353C0D20A177D1E9E4540A191EEB0E21E53C001DE053A149D45406B47B031E01E53C0A222E77BFBA045403FFC198E852653C075F9E076CDA04540A9990DFCA72753C0D67AD3F402B545400A8A5014191D53C02DC130A017C04540C64900C7410E53C060C2A782EEC64540B0AF5200D00B53C00FB5539C0CD14540336928A3290D53C087960BB762D745402B97D849FD0153C05BFECFDEF2D54540C823B9AA220253C0B70963DB50DA4540BABC194694F152C0AB06F06858D84540DAF7D35691F052C03882B60B1CBC45406D4FD1C022F452C0D324B66C3CBD4540559985EA72F852C08438A1060EAB4540C42B6146FAF652C0EACDD72586A9454032F407892DF852C0B397603B4A944540B77A0EB0A2FA52C056960D3BAF9445401ED852B58DFC52C0F5AECC9BB9964540C612D87C43FF52C03CA050BCDD974540,38,36,New York,Oswego,,36075,75,2012-06-15,2012-06-15
0106000020E61000000100000001030000000100000026000000C05C8CAFA0CD52C0149C7CD3507145408D55A673B4CF52C0CD337F92CF7045401436F1D422D052C0780C2833D06F4540F7DD82DEF9DB52C091E5E7AA1A6F45406F6AEFBC59DC52C017E680081E7845404BFC516F5DE252C0521AB90390784540A59063CF1CE352C0E83EBEA2A4854540346175F73DE652C0F6B18D5FA08545408271AA3886E652C000FC3BC02B89454055D1ED3D8BE852C0793DAB3E3A8A454099DD21C1AEE952C0E30A077FCC8E4540EED78C09DBEC52C075AD005E09924540D24517AA00ED52C0AF109ADE2F94454027300ACCCEED52C01D4E627E48944540F7DB0C2D2FEE52C0000D891E7095454063F6CE90B3EF52C027C936DDA3944540148CA1B569F152C0394ABE3D7596454061BEB5BB84F352C0FD05877C8994454032F407892DF852C0B397603B4A944540C42B6146FAF652C0EACDD72586A94540559985EA72F852C08438A1060EAB45406D4FD1C022F452C0D324B66C3CBD4540DAF7D35691F052C03882B60B1CBC4540E78B09B549E252C0A8BD48E80EB64540368E57915FC752C0B81E4D1E41CE4540B4A3CEAA24C552C0D82B39A2E1A94540F9BE4F0D3BC652C0DDA16322CEA9454031E33ACCEFC552C03F4B75C24BA84540A31D354D7EC652C019D3A6A269A74540C32D9FCF80C752C0D2F427C3BEA7454083A523F48BC952C0515055A47CA64540D54DC43459CA52C00803BF454AA1454091BCC13319CA52C04C07B0C54DA04540E4047390A6C852C00979D82463A04540DD842CAF51C852C05276BC843A9F4540D2D402C55CC452C06A02AF637D9D4540F0287451B5CD52C093A45FE921884540C05C8CAFA0CD52C0149C7CD350714540,39,36,New York,Oneida,,36065,65,2012-06-15,2012-06-15
0106000020E6100000010000000103000000010000001E000000DE431445F32D53C0B5D41702528345407032C865E62D53C00CDEE5E4E9884540FFC089E1A72C53C05185CCE6008B454074D76A70FB2D53C0492CEA8F66A94540A9990DFCA72753C0D67AD3F402B545403FFC198E852653C075F9E076CDA045406B47B031E01E53C0A222E77BFBA04540A191EEB0E21E53C001DE053A149D4540AC0724CD571E53C0BA14F751CF90454017C13190A01F53C090AE16707D8E4540DBBC6A8C301F53C0C42DF2676781454074EC0A48951D53C0023FFA274A814540BCEC81C7D21C53C07CEC0C9D1D6D4540D92BB9F8DC1653C003CD9AD8466D4540562084CE261253C0DFDEA719B1664540CF977D8EC71153C0B5EB8EFB80634540BAC51B6EDE1053C0137FC5BFB95C4540F1BD63B1E51053C0384AE90BCE4F4540C730F42D191D53C0C75DADB5894F4540146CF94D311D53C034502C55595045404F02F5D6ED2A53C0FF046FB40751454093BCC198C82B53C0563769120056454082A78F01E02E53C0FA3FFC2EF95C4540A0BA1343642F53C0FB504C0CDA604540130E4A44612F53C0416FABE452664540A7BB35412B2E53C0D93EEEBCD86B4540B8C66E27602F53C0E34E86F03C744540729B9249552F53C07CCF6462327E45401CD1ADC8FD2E53C07F5D57602E814540DE431445F32D53C0B5D4170252834540,40,36,New York,Cayuga,,36011,11,2012-06-15,2012-06-15
0106000020E6100000010000000103000000010000000C000000D5BC7923873D53C06C9D9954D48145407D0A5B8C484853C02ECFD231E9814540F1D4376E8F4853C0384BDAB2468545408E82B7835B5753C04075C671A8844540159372F1255853C0810C728F4AA34540B688499E873A53C0E878A808A9A345409563D136282F53C0A22657AEDEAB454074D76A70FB2D53C0492CEA8F66A94540FFC089E1A72C53C05185CCE6008B45407032C865E62D53C00CDEE5E4E9884540DE431445F32D53C0B5D4170252834540D5BC7923873D53C06C9D9954D4814540,43,36,New York,Wayne,,36117,117,2012-06-15,2012-06-15
0106000020E6100000010000000103000000010000001E000000CF977D8EC71153C0B5EB8EFB80634540562084CE261253C0DFDEA719B1664540D92BB9F8DC1653C003CD9AD8466D4540BCEC81C7D21C53C07CEC0C9D1D6D454074EC0A48951D53C0023FFA274A814540DBBC6A8C301F53C0C42DF2676781454017C13190A01F53C090AE16707D8E4540AC0724CD571E53C0BA14F751CF904540A191EEB0E21E53C001DE053A149D4540ADB3EF51F51353C0D20A177D1E9E4540AD3DA3ADA41253C070AB759A169A4540EF6B20EA4C1153C07199EF1B979B4540CF43BE09071153C0C51FD61D929E45407AA42A02500E53C08A1FCA9BEF9A4540355D797F250D53C0509EC3BD7A9D45406826AF21C90D53C08203FB1F2DA245404C76E59EB50C53C0DED26D60DAA245403671690B410553C09F4AFDDE189D4540774C254AA70453C012E4189D9C9A4540BB9F79E63F0353C0978FDF7DE39A4540C612D87C43FF52C03CA050BCDD97454087AE8F59EFFD52C03BCB4DBAEF944540DB27B9FA39FE52C0385401B9D49245405B4B23B7F8FC52C06A73AA582B9245406399A8B86AFD52C008D60637988F45407F1EA25CAEFE52C0EF4EBE95198E454080FE93BB37FE52C0F3029FB4998C4540D4D152B06DFA52C023BF14359B8B4540549157B725F952C0EAC02393DC654540CF977D8EC71153C0B5EB8EFB80634540,44,36,New York,Onondaga,,36067,67,2012-06-15,2012-06-15
0106000020E61000000100000001030000000100000022000000D4A476FF4ED252C05380173AD35F45402EB231DFF0DA52C01B6899AF0D60454036FA8319D4F852C01B1BBE36245D4540549157B725F952C0EAC02393DC654540D4D152B06DFA52C023BF14359B8B454080FE93BB37FE52C0F3029FB4998C45407F1EA25CAEFE52C0EF4EBE95198E45406399A8B86AFD52C008D60637988F45405B4B23B7F8FC52C06A73AA582B924540DB27B9FA39FE52C0385401B9D492454087AE8F59EFFD52C03BCB4DBAEF944540C612D87C43FF52C03CA050BCDD9745401ED852B58DFC52C0F5AECC9BB9964540B77A0EB0A2FA52C056960D3BAF94454032F407892DF852C0B397603B4A94454061BEB5BB84F352C0FD05877C89944540148CA1B569F152C0394ABE3D7596454063F6CE90B3EF52C027C936DDA3944540F7DB0C2D2FEE52C0000D891E7095454027300ACCCEED52C01D4E627E48944540D24517AA00ED52C0AF109ADE2F944540EED78C09DBEC52C075AD005E0992454099DD21C1AEE952C0E30A077FCC8E454055D1ED3D8BE852C0793DAB3E3A8A45408271AA3886E652C000FC3BC02B894540346175F73DE652C0F6B18D5FA0854540A59063CF1CE352C0E83EBEA2A48545404BFC516F5DE252C0521AB903907845406F6AEFBC59DC52C017E680081E784540F7DD82DEF9DB52C091E5E7AA1A6F45401436F1D422D052C0780C2833D06F454037762FF492CF52C019145C162B6B4540345C20D746D052C03BF97199DE644540D4A476FF4ED252C05380173AD35F4540,45,36,New York,Madison,,36053,53,2012-06-15,2012-06-15
0106000020E61000000100000001030000000100000014000000D027B8AD8B9D53C053F94CB5CB6F454072453017E29D53C06E21CF2C918B4540A720FDD8D89D53C05DD709EBA3904540C39F145BF48753C00777935460914540300F9EDAEF8753C098A37674CB9045405E1AA6CB697F53C01D01595ACC90454082D4D640257A53C0035E471EC490454096B6F361277D53C08D1CB11F578545404636117B947953C0EBC7636252854540C7D7D7198C7953C0D25445A3C282454047BFE3FA2E7A53C00D47BB228C824540CFCF9778087A53C008684844A77E4540932C3975DC7953C0562D0AE5007A4540DE212C18817B53C067A7AE83F6794540881A9F94977B53C0B6B7B924997445400DF9FFF6E97C53C07AC497C393744540B0D3F4D3337D53C063A2F943426F454081BE57216D8453C0B7C0BB3EBF6F454086DDE961868453C0E9A7A7BE61704540D027B8AD8B9D53C053F94CB5CB6F4540,46,36,New York,Genesee,,36037,37,2012-06-15,2012-06-15
0106000020E61000000100000001030000000100000024000000C83C9E591AC953C0FE1ED20A8D494540CB65ECD4CCC253C08AE10EEB80594540B7635221FDB653C0B22D31AC78654540324D1475F0BB53C080EB799DB37C4540F50C51AF7FB853C0077D669DDC824540D567EC28FAB553C0699175FFEA824540A5B1ADE7EDB453C03478007F428645402B27B11B75AF53C0AAC8A301848945408A78AB5AD0AE53C03C27A281AB8A4540B707E2926BAB53C0C13171C4278A4540022DB10C6AA853C0E5214606988B454094528C85A3A553C0521601A91B894540529FC99F9BA253C0CFA9C9A93B8C4540E9972B5D9BA153C02D222E0B238B4540BB5DC47A63A053C09D917C8BFA8B45406F4671781B9F53C00EDCC9ACE68A454072453017E29D53C06E21CF2C918B4540D027B8AD8B9D53C053F94CB5CB6F4540D7E9E5EFDE9E53C037EA5315E16F4540CB21D88CD39E53C0E15A7198A3644540E2B542690F9D53C09B9596F8776445404AEE8424699D53C02EC8800A2B454540F8C6FE7086A353C0391869CAF2414540814C6A5793A653C015D705696241454055F82F842EAC53C07C60DF686E3D45400184B6C69DAD53C0FA3627C79B3E4540B4795CB07AB153C0E70DF2C6103B4540C44316528CB253C03B5AD4E5083C4540ECC9EEBA86B653C045D56DA495394540CE627CFFB3B853C0F6F6F9423039454025552B8586BC53C072EC65A0823C4540E298856563BD53C0054481FF783F4540DF9DD0CD65C153C0F3798E58A1454540B2B7FB50ACC353C0A474B0D4AF4545405861A63576C653C0A071E40ED9484540C83C9E591AC953C0FE1ED20A8D494540,47,36,New York,Erie,,36029,29,2012-06-15,2012-06-15
0106000020E61000000100000001030000000100000016000000E847E1081B6553C01C75AA3309794540F02D4438B05E53C0E63E77B6EA7845403F6F973DDC5E53C0F63959927F8445408E82B7835B5753C04075C671A8844540F1D4376E8F4853C0384BDAB2468545407D0A5B8C484853C02ECFD231E9814540D5BC7923873D53C06C9D9954D4814540F2C5707E553D53C0C1E66FEC6F6F4540EF952381033E53C050A90F0C686F454016B2BA1E2C3E53C09AD8E6BF4C6245408DAF9CAA3D5453C0304885C83962454069B42AB1745753C083CCEA0F685745402F7A908C6C5753C0EFE6EEFC994A454093E25404AE5F53C012AC7CD5A14A454044E278680E5F53C02D8907EB4E5645400C0BB4783F6653C04E30FB0471564540140CC661836753C00D95D8D930624540C64ED9BD986553C01F9A7AFB4B624540F56EBBE3916553C047E34C77986D4540EC57AFDFA86353C07D79AD980C6E4540644324203E6353C0FBF2F8B784704540E847E1081B6553C01C75AA3309794540,48,36,New York,Ontario,,36069,69,2012-06-15,2012-06-15
0106000020E610000001000000010300000001000000160000007F7A759ECF2C53C0D89BE8171E474540A550E72A653953C0B86B0574A24645403C0B1AE9EC3853C0EFDC03CD7254454039D47F350D3C53C01506A926935C454008C92D38923C53C05DD444A13262454016B2BA1E2C3E53C09AD8E6BF4C624540EF952381033E53C050A90F0C686F4540F2C5707E553D53C0C1E66FEC6F6F4540D5BC7923873D53C06C9D9954D4814540DE431445F32D53C0B5D41702528345401CD1ADC8FD2E53C07F5D57602E814540729B9249552F53C07CCF6462327E4540B8C66E27602F53C0E34E86F03C744540A7BB35412B2E53C0D93EEEBCD86B4540130E4A44612F53C0416FABE452664540A0BA1343642F53C0FB504C0CDA60454082A78F01E02E53C0FA3FFC2EF95C454093BCC198C82B53C056376912005645404F02F5D6ED2A53C0FF046FB4075145402C83E310B62853C00EEC4C77974B4540F02A4FA8A32553C0E62AF8F93B4745407F7A759ECF2C53C0D89BE8171E474540,49,36,New York,Seneca,,36099,99,2012-06-15,2012-06-15
0106000020E6100000010000000103000000010000000A000000EF96D390869353C039B4C303EDFF444008B59DEE8D9353C04369928C9E4345401CC4206BDB8253C0C707F4B6C243454045898A49338253C08529E0571A434540D86A9B8D867553C0D62972290E43454036EE37CCB97553C000418AAE563D45401B8734FB2B6E53C0C1FD4899523C45408C82C335AE6F53C00D58049DA8FF4440909915A1128D53C096980C08C5FF4440EF96D390869353C039B4C303EDFF4440,59,36,New York,Allegany,,36003,3,2012-06-15,2012-06-15
0106000020E61000000100000001030000000100000026000000B0D3F4D3337D53C063A2F943426F45400DF9FFF6E97C53C07AC497C393744540881A9F94977B53C0B6B7B92499744540DE212C18817B53C067A7AE83F6794540932C3975DC7953C0562D0AE5007A4540CFCF9778087A53C008684844A77E45401EF57322866E53C0550652EDDB7E454008062C008A6E53C0631E538EF47A454028B99943D77053C0B75E5F2D9C784540E847E1081B6553C01C75AA3309794540644324203E6353C0FBF2F8B784704540EC57AFDFA86353C07D79AD980C6E4540F56EBBE3916553C047E34C77986D4540C64ED9BD986553C01F9A7AFB4B624540140CC661836753C00D95D8D9306245400C0BB4783F6653C04E30FB047156454044E278680E5F53C02D8907EB4E56454093E25404AE5F53C012AC7CD5A14A45403600D9B9EF6953C0C166E70DE24A45404E2DA456F26953C0C4E0D2733C454540B382329ECE6D53C02E4F6471044545401B8734FB2B6E53C0C1FD4899523C454036EE37CCB97553C000418AAE563D4540D86A9B8D867553C0D62972290E43454045898A49338253C08529E0571A4345401CC4206BDB8253C0C707F4B6C24345406C72D90A938253C0C8194D1600454540B1C5AC0C5B8353C091FA2755D345454074F26B8CDF8253C0A2CB9FD36A484540CE1B186BFD8153C039F1371394494540F47BC16CAF8253C0D0544BF22C4A45408D05DF2C908253C0C2367EF1764B454081846268478053C0BDEC48927A4C4540AC886C282F8053C0BEC0F9915B4D4540CC150E4B4A8153C0AB382490564E4540FB2FBB66EF7E53C025248B91B44F454057598625187D53C05B4D93AE83564540B0D3F4D3337D53C063A2F943426F4540,50,36,New York,Livingston,,36051,51,2012-06-15,2012-06-15
0106000020E6100000010000000103000000010000001700000008B59DEE8D9353C04369928C9E434540268BC163359D53C0D76235ABD74345404AEE8424699D53C02EC8800A2B454540E2B542690F9D53C09B9596F877644540CB21D88CD39E53C0E15A7198A3644540D7E9E5EFDE9E53C037EA5315E16F4540D027B8AD8B9D53C053F94CB5CB6F454086DDE961868453C0E9A7A7BE6170454081BE57216D8453C0B7C0BB3EBF6F4540B0D3F4D3337D53C063A2F943426F454057598625187D53C05B4D93AE83564540FB2FBB66EF7E53C025248B91B44F4540CC150E4B4A8153C0AB382490564E4540AC886C282F8053C0BEC0F9915B4D454081846268478053C0BDEC48927A4C45408D05DF2C908253C0C2367EF1764B4540F47BC16CAF8253C0D0544BF22C4A4540CE1B186BFD8153C039F137139449454074F26B8CDF8253C0A2CB9FD36A484540B1C5AC0C5B8353C091FA2755D34545406C72D90A938253C0C8194D16004545401CC4206BDB8253C0C707F4B6C243454008B59DEE8D9353C04369928C9E434540,51,36,New York,Wyoming,,36121,121,2012-06-15,2012-06-15
0106000020E610000001000000010300000001000000140000002F7A908C6C5753C0EFE6EEFC994A454069B42AB1745753C083CCEA0F685745408DAF9CAA3D5453C0304885C83962454016B2BA1E2C3E53C09AD8E6BF4C62454008C92D38923C53C05DD444A13262454039D47F350D3C53C01506A926935C45403C0B1AE9EC3853C0EFDC03CD72544540A550E72A653953C0B86B0574A246454074B173CB8F3953C0649D09F745414540F96325A89E3853C05FDF42BB313C4540A71F3B781F3D53C09EB89E5B893A45406A1E2C796B3D53C0EAF9155B653B4540E9AA661EE43E53C06799C53A543B454040F85F9F1A3F53C023EB8258D23D4540E47476179F4653C0F4580415783D454053C4F1F5234653C059DBCA131F3F45408245969C3A4853C049AAD9F1E43F45403192F81EF04853C06B8C9CB05041454016E12000DB4853C007EB15A9FD4945402F7A908C6C5753C0EFE6EEFC994A4540,52,36,New York,Yates,,36123,123,2012-06-15,2012-06-15
0106000020E610000001000000010300000001000000140000007C59ACF2F7DA52C0C9A2F370DA1845406AF9A55168E852C089A6EE340F19454010D8B535A4E852C0B05A8331731F454096F908B704F652C03ACCCD5A23204540EA5AC79E72F752C0838BC53DFA34454036FA8319D4F852C01B1BBE36245D45402EB231DFF0DA52C01B6899AF0D604540D4A476FF4ED252C05380173AD35F4540DB1F336E90D452C01A9474A43055454047ECBE318CD452C0C876808B414F4540B8BFE4D75DD552C03780D65121494540D69B1401AFD752C04C6B5832B5454540EC78A9E43ED852C0C9ED95B5254245403F80CBE725D952C0B0EAC155CA4045405A55A7C94DD952C0E114775C7B3C4540DF3DC407E4D752C0128772A967364540580D35AECBD952C0932F524E0F324540BB324B6D0AD952C016FF60161F2E4540478EAB3143DA52C003C1FCBC352945407C59ACF2F7DA52C0C9A2F370DA184540,53,36,New York,Chenango,,36017,17,2012-06-15,2012-06-15
0106000020E610000001000000010300000001000000180000007F7A759ECF2C53C0D89BE8171E474540F02A4FA8A32553C0E62AF8F93B4745402C83E310B62853C00EEC4C77974B45404F02F5D6ED2A53C0FF046FB407514540146CF94D311D53C034502C5559504540C730F42D191D53C0C75DADB5894F4540F1BD63B1E51053C0384AE90BCE4F4540E1864475481053C076F96601D73345404481367BD31253C04283F861C0334540F18EF81BF91253C00E78A6C39A3045409905DEF36B0F53C05B3127054C2D454057985816231053C081164049F1254540A456A5FB511253C0C0A47FA9EC254540F0C36BFB4C1253C0C265D188252745401CC713454F1653C050B276A90F2745402205A085921653C09D2BB9A8812845409FD5FA6E761A53C02C785EC96B284540C4E74EF0941A53C0ADB55F8C8D21454066583C58E01D53C0D285F96C9A21454090D93118E91D53C07F4AD2AB85234540612416E45B2253C0C374DBECB22345401B162CB3A42753C0284AF34EF423454017302EFFC62B53C0F6C76230402445407F7A759ECF2C53C0D89BE8171E474540,54,36,New York,Tompkins,,36109,109,2012-06-15,2012-06-15
0106000020E61000000100000001030000000100000011000000C96E1DE5386753C0D988D3A5D9FF44408C82C335AE6F53C00D58049DA8FF44401B8734FB2B6E53C0C1FD4899523C4540B382329ECE6D53C02E4F6471044545404E2DA456F26953C0C4E0D2733C4545403600D9B9EF6953C0C166E70DE24A454093E25404AE5F53C012AC7CD5A14A45402F7A908C6C5753C0EFE6EEFC994A454016E12000DB4853C007EB15A9FD4945403192F81EF04853C06B8C9CB0504145408245969C3A4853C049AAD9F1E43F454053C4F1F5234653C059DBCA131F3F4540E47476179F4653C0F4580415783D4540B279E754294653C01AA27A2C7B2345405BE22F3AD23D53C06D1D8330592345404D62921CFD3D53C0928307AE61004540C96E1DE5386753C0D988D3A5D9FF4440,55,36,New York,Steuben,,36101,101,2012-06-15,2012-06-15
0106000020E6100000010000000103000000010000000A00000029B4590731E753C0D0DD952A1300454036DE3408BFF053C031BCE4C465004540971088D7D8F053C069C0FEC5372245407F3E59D46ADC53C0730DE8A2AD3545400410B36AB6D653C0EF15A2C1293F4540C83C9E591AC953C0FE1ED20A8D4945405861A63576C653C0A071E40ED9484540B2B7FB50ACC353C0A474B0D4AF4545401C4099AACEC353C053601FEF2500454029B4590731E753C0D0DD952A13004540,56,36,New York,Chautauqua,,36013,13,2012-06-15,2012-06-15
0106000020E61000000100000001030000000100000015000000E47476179F4653C0F4580415783D454040F85F9F1A3F53C023EB8258D23D4540E9AA661EE43E53C06799C53A543B45406A1E2C796B3D53C0EAF9155B653B4540A71F3B781F3D53C09EB89E5B893A4540F96325A89E3853C05FDF42BB313C454074B173CB8F3953C0649D09F745414540A550E72A653953C0B86B0574A24645407F7A759ECF2C53C0D89BE8171E47454017302EFFC62B53C0F6C76230402445401B162CB3A42753C0284AF34EF4234540C9C28553862753C0CB314651C51F4540C7B5BDF7F72853C0E3B807B27D1E454072AE205F8B2B53C00419ECB2531E4540869F4FBFB12B53C0E71C6013F31F45400643ED86502E53C06FFACBB4032045403D979307B32E53C095826B9077254540D1AA4C99903D53C0F1C77E4F592445405BE22F3AD23D53C06D1D833059234540B279E754294653C01AA27A2C7B234540E47476179F4653C0F4580415783D4540,57,36,New York,Schuyler,,36097,97,2012-06-15,2012-06-15
0106000020E610000001000000010300000001000000130000001C4099AACEC353C053601FEF25004540B2B7FB50ACC353C0A474B0D4AF454540DF9DD0CD65C153C0F3798E58A1454540E298856563BD53C0054481FF783F454025552B8586BC53C072EC65A0823C4540CE627CFFB3B853C0F6F6F94230394540ECC9EEBA86B653C045D56DA495394540C44316528CB253C03B5AD4E5083C4540B4795CB07AB153C0E70DF2C6103B45400184B6C69DAD53C0FA3627C79B3E454055F82F842EAC53C07C60DF686E3D4540814C6A5793A653C015D7056962414540F8C6FE7086A353C0391869CAF24145404AEE8424699D53C02EC8800A2B454540268BC163359D53C0D76235ABD743454008B59DEE8D9353C04369928C9E434540EF96D390869353C039B4C303EDFF44407190B054C9BA53C0EFB1EBFAFAFF44401C4099AACEC353C053601FEF25004540,58,36,New York,Cattaraugus,,36009,9,2012-06-15,2012-06-15
0106000020E610000001000000010300000001000000190000001D91F60280D852C0C14D4226CAFF4440FFDFDEEEB3DE52C043430DFA88FF4440F302F39BB50653C0962E1693EFFF444011400C601B0753C05353A2F0A51745403D7138BDFF0553C0E16DEEF0BD17454080AFAEBAD60453C07916C8F0B2194540C4D9B7FB030553C071F17410971D45405ADEBA9DD00553C0394338B0F81D454090C2AB3EFC0553C013FC13AF65214540601B229CF30453C0DA928F8F41214540BA6176BC0E0553C050642A4E0E2345406B26A4612E0753C0E32BA10C62244540911BC901340753C044ED5E0BD625454054DA51209B0653C0178FDD4BBD254540AF36E420BC0653C0EF213609FE28454035C04AA25F0753C0C00E472934294540321C8224190853C0F8F550813B344540EA5AC79E72F752C0838BC53DFA34454096F908B704F652C03ACCCD5A2320454010D8B535A4E852C0B05A8331731F45406AF9A55168E852C089A6EE340F1945407C59ACF2F7DA52C0C9A2F370DA1845405FCC8B0B58DB52C05CD0D5FB570745402ECC5D06FCD952C06A4FE761F70145401D91F60280D852C0C14D4226CAFF4440,60,36,New York,Broome,,36007,7,2012-06-15,2012-06-15
0106000020E610000001000000010300000001000000230000006268122E172453C0D3878DAD620045405E5A874A2E2353C0B359F16DE00645403A5B0B4A9C2353C05626F6CE8913454003BD4845FD2153C0151556CEB7134540612416E45B2253C0C374DBECB223454090D93118E91D53C07F4AD2AB8523454066583C58E01D53C0D285F96C9A214540C4E74EF0941A53C0ADB55F8C8D2145409FD5FA6E761A53C02C785EC96B2845402205A085921653C09D2BB9A8812845401CC713454F1653C050B276A90F274540F0C36BFB4C1253C0C265D18825274540A456A5FB511253C0C0A47FA9EC25454057985816231053C081164049F12545409905DEF36B0F53C05B3127054C2D4540F18EF81BF91253C00E78A6C39A3045404481367BD31253C04283F861C0334540E1864475481053C076F96601D7334540321C8224190853C0F8F550813B34454035C04AA25F0753C0C00E472934294540AF36E420BC0653C0EF213609FE28454054DA51209B0653C0178FDD4BBD254540911BC901340753C044ED5E0BD62545406B26A4612E0753C0E32BA10C62244540BA6176BC0E0553C050642A4E0E234540601B229CF30453C0DA928F8F4121454090C2AB3EFC0553C013FC13AF652145405ADEBA9DD00553C0394338B0F81D4540C4D9B7FB030553C071F17410971D454080AFAEBAD60453C07916C8F0B21945403D7138BDFF0553C0E16DEEF0BD17454011400C601B0753C05353A2F0A5174540F302F39BB50653C0962E1693EFFF4440CBB76003480953C0D55E3472150045406268122E172453C0D3878DAD62004540,61,36,New York,Tioga,,36107,107,2012-06-15,2012-06-15
0106000020E610000001000000010300000001000000110000005BE22F3AD23D53C06D1D833059234540D1AA4C99903D53C0F1C77E4F592445403D979307B32E53C095826B90772545400643ED86502E53C06FFACBB403204540869F4FBFB12B53C0E71C6013F31F454072AE205F8B2B53C00419ECB2531E4540C7B5BDF7F72853C0E3B807B27D1E4540C9C28553862753C0CB314651C51F45401B162CB3A42753C0284AF34EF4234540612416E45B2253C0C374DBECB223454003BD4845FD2153C0151556CEB71345403A5B0B4A9C2353C05626F6CE891345405E5A874A2E2353C0B359F16DE00645406268122E172453C0D3878DAD62004540D9EE36D46A3B53C068ECD30D530045404D62921CFD3D53C0928307AE610045405BE22F3AD23D53C06D1D833059234540,62,36,New York,Chemung,,36015,15,2012-06-15,2012-06-15
