,county_name,total_pop,confirmed_cases,deaths,never,rarely,sometimes,frequently,always
0,Baldwin County,218022.0,7348,84,0.083,0.059,0.098,0.323,0.436
1,Calhoun County,114277.0,5254,68,0.152,0.108,0.13,0.167,0.442
2,Cullman County,83442.0,3328,29,0.13,0.024,0.249,0.217,0.379
3,DeKalb County,71385.0,3942,34,0.084,0.051,0.106,0.179,0.58
4,Elmore County,81887.0,3495,60,0.042,0.095,0.127,0.252,0.485
5,Etowah County,102501.0,4967,60,0.096,0.103,0.178,0.122,0.501
6,Houston County,104722.0,4543,36,0.085,0.079,0.135,0.268,0.433
7,Jefferson County,659300.0,26232,409,0.049,0.037,0.107,0.179,0.628
8,Lauderdale County,92387.0,3011,49,0.093,0.119,0.141,0.179,0.469
9,Lee County,163941.0,6952,66,0.053,0.064,0.138,0.183,0.562
10,Limestone County,96174.0,3414,37,0.102,0.034,0.133,0.336,0.395
11,Madison County,366519.0,10524,108,0.062,0.05,0.123,0.177,0.589
12,Marshall County,96109.0,4910,53,0.075,0.064,0.129,0.253,0.479
13,Mobile County,413757.0,17998,334,0.077,0.07,0.102,0.244,0.506
14,Montgomery County,225763.0,11225,221,0.056,0.095,0.123,0.212,0.513
15,Morgan County,119089.0,4974,40,0.078,0.077,0.082,0.304,0.459
16,St. Clair County,88690.0,3537,52,0.027,0.134,0.144,0.2,0.495
17,Shelby County,215707.0,8423,72,0.022,0.075,0.118,0.24,0.545
18,Talladega County,79828.0,2992,40,0.113,0.15,0.208,0.169,0.361
19,Tuscaloosa County,208911.0,11298,147,0.041,0.036,0.144,0.247,0.532
20,Walker County,63711.0,3155,96,0.09,0.081,0.145,0.256,0.429
21,Anchorage Municipality,291538.0,10632,55,0.042,0.05,0.049,0.196,0.663
22,Fairbanks North Star Borough,98971.0,2607,16,0.094,0.084,0.175,0.234,0.413
23,Matanuska-Susitna Borough,107610.0,2046,5,0.042,0.051,0.048,0.198,0.66
24,Apache County,71818.0,4217,186,0.055,0.063,0.031,0.15,0.701
25,Cochise County,126770.0,2483,76,0.053,0.025,0.147,0.194,0.581
26,Coconino County,142854.0,5996,152,0.039,0.08,0.07,0.11,0.702
27,Maricopa County,4410824.0,169309,3734,0.023,0.025,0.059,0.158,0.734
28,Mohave County,209550.0,4821,241,0.051,0.096,0.104,0.164,0.585
29,Navajo County,110445.0,6881,259,0.091,0.108,0.059,0.139,0.602
30,Pima County,1039073.0,31013,661,0.023,0.024,0.073,0.121,0.759
31,Pinal County,447138.0,13026,232,0.033,0.055,0.096,0.148,0.667
32,Yavapai County,231993.0,3399,101,0.031,0.073,0.081,0.176,0.639
33,Yuma County,212128.0,14693,363,0.008,0.013,0.046,0.129,0.804
34,Benton County,272608.0,9677,133,0.081,0.034,0.083,0.16,0.643
35,Craighead County,108558.0,5628,58,0.078,0.123,0.138,0.341,0.32
36,Faulkner County,124806.0,3806,44,0.066,0.027,0.077,0.403,0.426
37,Garland County,99154.0,2881,82,0.025,0.102,0.068,0.21,0.596
38,Jefferson County,68114.0,4595,102,0.042,0.036,0.172,0.173,0.577
39,Lonoke County,73657.0,2113,35,0.048,0.045,0.136,0.297,0.474
40,Pulaski County,392680.0,13475,230,0.028,0.027,0.126,0.175,0.644
41,Saline County,121421.0,3481,42,0.066,0.044,0.154,0.212,0.524
42,Sebastian County,127753.0,5676,107,0.121,0.142,0.157,0.208,0.372
43,Washington County,236961.0,12730,162,0.034,0.028,0.101,0.186,0.651
44,White County,78727.0,2003,41,0.026,0.054,0.152,0.277,0.491
45,Alameda County,1666753.0,25131,475,0.019,0.008,0.055,0.123,0.795
46,Butte County,231256.0,3318,56,0.015,0.043,0.111,0.204,0.626
47,Contra Costa County,1150215.0,20193,253,0.018,0.016,0.039,0.121,0.806
48,El Dorado County,190678.0,1515,4,0.028,0.042,0.072,0.183,0.675
49,Fresno County,994400.0,33162,456,0.021,0.022,0.059,0.156,0.741
50,Humboldt County,136373.0,624,10,0.042,0.006,0.018,0.069,0.865
51,Imperial County,181827.0,13697,340,0.001,0.005,0.03,0.128,0.836
52,Kern County,896764.0,35610,429,0.022,0.028,0.105,0.177,0.668
53,Kings County,151366.0,9141,87,0.075,0.016,0.049,0.094,0.766
54,Lake County,64382.0,755,18,0.003,0.004,0.007,0.136,0.849
55,Los Angeles County,10105518.0,325951,7200,0.021,0.013,0.049,0.131,0.786
56,Madera County,157672.0,5330,76,0.019,0.059,0.048,0.124,0.751
57,Marin County,259666.0,7284,129,0.011,0.0,0.046,0.141,0.802
58,Mendocino County,87606.0,1242,22,0.002,0.003,0.004,0.222,0.77
59,Merced County,274765.0,10193,164,0.026,0.036,0.089,0.146,0.703
60,Monterey County,435594.0,12463,102,0.023,0.006,0.066,0.141,0.763
61,Napa County,139417.0,2332,16,0.017,0.026,0.033,0.149,0.773
62,Nevada County,99696.0,733,9,0.003,0.054,0.084,0.177,0.682
63,Orange County,3185968.0,64891,1512,0.023,0.021,0.046,0.156,0.754
64,Placer County,393149.0,4912,60,0.012,0.023,0.072,0.201,0.693
65,Riverside County,2450758.0,72341,1352,0.026,0.014,0.041,0.116,0.803
66,Sacramento County,1540975.0,28720,514,0.025,0.028,0.062,0.164,0.722
67,San Bernardino County,2171603.0,70347,1096,0.027,0.022,0.048,0.134,0.768
68,San Diego County,3343364.0,61116,938,0.017,0.023,0.034,0.126,0.8
69,San Francisco County,883305.0,13142,151,0.017,0.011,0.035,0.121,0.817
70,San Joaquin County,752660.0,22993,500,0.054,0.019,0.081,0.165,0.68
71,San Luis Obispo County,284010.0,4846,33,0.025,0.024,0.037,0.169,0.745
72,San Mateo County,769545.0,12049,165,0.016,0.013,0.058,0.126,0.786
73,Santa Barbara County,446527.0,10260,131,0.015,0.02,0.075,0.153,0.737
74,Santa Clara County,1937570.0,26972,437,0.015,0.014,0.04,0.168,0.764
75,Santa Cruz County,274255.0,3227,26,0.008,0.0,0.086,0.109,0.797
76,Shasta County,180040.0,2741,34,0.095,0.056,0.071,0.232,0.547
77,Solano County,446610.0,8435,79,0.043,0.046,0.035,0.148,0.728
78,Sonoma County,499942.0,10505,149,0.022,0.012,0.022,0.149,0.795
79,Stanislaus County,549815.0,19538,409,0.032,0.028,0.062,0.173,0.705
80,Sutter County,96807.0,2089,12,0.058,0.031,0.08,0.163,0.669
81,Tulare County,465861.0,18610,299,0.025,0.039,0.115,0.136,0.685
82,Ventura County,850967.0,15568,171,0.024,0.011,0.033,0.156,0.777
83,Yolo County,220408.0,3577,64,0.007,0.005,0.04,0.156,0.791
84,Yuba County,78041.0,1494,10,0.057,0.035,0.071,0.167,0.669
85,Adams County,511868.0,19178,274,0.032,0.027,0.071,0.185,0.685
86,Arapahoe County,651215.0,17221,408,0.013,0.026,0.065,0.193,0.703
87,Boulder County,326078.0,7316,99,0.008,0.015,0.032,0.195,0.75
88,Broomfield County,69267.0,1321,43,0.018,0.005,0.042,0.201,0.734
89,Denver County,716492.0,24541,481,0.02,0.018,0.062,0.194,0.707
90,Douglas County,342776.0,5929,71,0.013,0.041,0.081,0.192,0.673
91,El Paso County,713856.0,15601,215,0.031,0.089,0.081,0.196,0.603
92,Jefferson County,580233.0,12300,356,0.028,0.031,0.075,0.194,0.673
93,Larimer County,350518.0,5762,63,0.013,0.037,0.06,0.231,0.659
94,Mesa County,153207.0,2671,27,0.075,0.105,0.098,0.222,0.499
95,Pueblo County,167529.0,3436,60,0.018,0.044,0.074,0.28,0.584
96,Weld County,314305.0,8370,166,0.046,0.038,0.135,0.231,0.55
97,Fairfield County,943823.0,28178,1451,0.027,0.019,0.06,0.114,0.78
98,Hartford County,892697.0,20768,1522,0.015,0.023,0.065,0.13,0.767
99,Litchfield County,181111.0,2777,148,0.017,0.051,0.021,0.098,0.812
100,Middlesex County,162682.0,2396,198,0.003,0.007,0.055,0.128,0.807
101,New Haven County,857620.0,20434,1148,0.023,0.014,0.053,0.115,0.795
102,New London County,266784.0,4397,151,0.025,0.021,0.066,0.142,0.747
103,Tolland County,150921.0,2031,68,0.008,0.008,0.027,0.147,0.81
104,Windham County,117027.0,1715,22,0.022,0.041,0.082,0.137,0.718
105,Kent County,178550.0,3829,122,0.026,0.006,0.106,0.051,0.811
106,New Castle County,559335.0,14545,359,0.027,0.013,0.041,0.133,0.786
107,Sussex County,229286.0,8645,241,0.005,0.001,0.035,0.103,0.856
108,District of Columbia,702455.0,18173,657,0.012,0.013,0.069,0.164,0.743
109,Alachua County,269956.0,11347,83,0.001,0.024,0.053,0.17,0.751
110,Bay County,185287.0,7279,145,0.065,0.109,0.076,0.202,0.548
111,Brevard County,596849.0,12925,399,0.068,0.073,0.096,0.157,0.607
112,Broward County,1951260.0,91704,1560,0.026,0.023,0.043,0.117,0.791
113,Charlotte County,184998.0,4069,170,0.051,0.049,0.101,0.158,0.64
114,Citrus County,147929.0,3655,143,0.09,0.036,0.087,0.178,0.609
115,Clay County,216072.0,6622,133,0.055,0.067,0.15,0.209,0.52
116,Collier County,378488.0,15441,261,0.04,0.023,0.067,0.212,0.658
117,Columbia County,70503.0,4402,81,0.047,0.026,0.288,0.254,0.385
118,Duval County,950181.0,37032,537,0.049,0.042,0.086,0.194,0.629
119,Escambia County,315534.0,14495,282,0.019,0.052,0.095,0.31,0.524
120,Flagler County,112067.0,2311,41,0.079,0.05,0.113,0.157,0.602
121,Hernando County,190865.0,4074,180,0.09,0.04,0.091,0.19,0.589
122,Highlands County,105424.0,3011,125,0.025,0.056,0.145,0.138,0.635
123,Hillsborough County,1436888.0,51296,847,0.023,0.031,0.069,0.155,0.722
124,Indian River County,157413.0,4225,126,0.054,0.065,0.082,0.193,0.607
125,Lake County,356495.0,9312,238,0.047,0.062,0.074,0.185,0.632
126,Lee County,754610.0,25066,537,0.052,0.05,0.073,0.176,0.648
127,Leon County,292502.0,13129,119,0.051,0.022,0.071,0.156,0.7
128,Manatee County,394855.0,14281,340,0.074,0.037,0.062,0.201,0.626
129,Marion County,359977.0,11412,362,0.046,0.087,0.121,0.203,0.543
130,Martin County,160912.0,5605,170,0.027,0.018,0.066,0.169,0.719
131,Miami-Dade County,2761581.0,195272,3690,0.032,0.023,0.06,0.128,0.756
132,Monroe County,75027.0,2605,25,0.007,0.001,0.014,0.159,0.819
133,Nassau County,85832.0,2650,52,0.09,0.07,0.147,0.223,0.47
134,Okaloosa County,207269.0,7194,139,0.091,0.083,0.147,0.21,0.469
135,Orange County,1380645.0,49421,597,0.02,0.02,0.072,0.164,0.724
136,Osceola County,367990.0,15302,215,0.025,0.022,0.058,0.176,0.72
137,Palm Beach County,1485941.0,56143,1612,0.03,0.02,0.05,0.116,0.784
138,Pasco County,539630.0,11969,251,0.027,0.029,0.055,0.179,0.709
139,Pinellas County,975280.0,28032,833,0.025,0.019,0.074,0.133,0.75
140,Polk County,708009.0,24440,642,0.05,0.063,0.085,0.172,0.63
141,Putnam County,74163.0,2493,54,0.068,0.05,0.114,0.186,0.581
142,St. Johns County,254261.0,7165,88,0.047,0.071,0.097,0.223,0.561
143,St. Lucie County,321128.0,9592,341,0.077,0.022,0.08,0.173,0.648
144,Santa Rosa County,179349.0,6301,89,0.047,0.068,0.166,0.265,0.453
145,Sarasota County,426718.0,10529,352,0.017,0.031,0.073,0.175,0.704
146,Seminole County,467832.0,11080,253,0.037,0.039,0.066,0.141,0.717
147,Sumter County,128754.0,3096,88,0.037,0.036,0.064,0.235,0.628
148,Volusia County,547538.0,13828,333,0.035,0.066,0.089,0.192,0.618
149,Walton County,71375.0,3088,32,0.092,0.06,0.092,0.244,0.512
150,Barrow County,80809.0,2979,55,0.063,0.086,0.092,0.19,0.568
151,Bartow County,106408.0,4359,100,0.215,0.05,0.123,0.143,0.47
152,Bibb County,153095.0,7057,222,0.043,0.094,0.176,0.201,0.487
153,Bulloch County,77296.0,3580,47,0.053,0.049,0.163,0.31,0.424
154,Carroll County,118121.0,4658,88,0.089,0.133,0.154,0.168,0.457
155,Catoosa County,67420.0,1676,25,0.143,0.152,0.114,0.217,0.375
156,Chatham County,289195.0,9983,196,0.035,0.04,0.144,0.158,0.624
157,Cherokee County,254149.0,8713,109,0.049,0.054,0.1,0.213,0.584
158,Clarke County,127330.0,7231,51,0.054,0.057,0.06,0.226,0.603
159,Clayton County,289615.0,9405,187,0.038,0.054,0.125,0.159,0.624
160,Cobb County,756865.0,26016,488,0.039,0.049,0.116,0.225,0.572
161,Columbia County,154291.0,5397,71,0.061,0.064,0.095,0.234,0.547
162,Coweta County,145864.0,4332,67,0.105,0.053,0.183,0.204,0.455
163,DeKalb County,756558.0,24094,428,0.036,0.028,0.075,0.156,0.704
164,Dougherty County,91243.0,3560,198,0.033,0.037,0.045,0.159,0.726
165,Douglas County,145331.0,4906,83,0.083,0.037,0.09,0.198,0.591
166,Fayette County,113459.0,2676,59,0.06,0.086,0.131,0.218,0.505
167,Floyd County,97927.0,4715,67,0.186,0.036,0.234,0.148,0.395
168,Forsyth County,236612.0,5669,55,0.035,0.048,0.083,0.193,0.641
169,Fulton County,1050114.0,35605,669,0.026,0.036,0.089,0.187,0.662
170,Glynn County,85219.0,4004,114,0.048,0.071,0.145,0.251,0.485
171,Gwinnett County,927781.0,34903,481,0.036,0.054,0.081,0.19,0.639
172,Hall County,202148.0,11502,190,0.061,0.069,0.128,0.198,0.545
173,Henry County,230220.0,7527,130,0.103,0.048,0.091,0.181,0.578
174,Houston County,155469.0,4250,100,0.032,0.079,0.136,0.172,0.581
175,Jackson County,70422.0,2848,48,0.125,0.085,0.117,0.24,0.434
176,Lowndes County,116321.0,5563,119,0.108,0.101,0.149,0.208,0.435
177,Muscogee County,194160.0,6881,181,0.063,0.073,0.083,0.225,0.555
178,Newton County,109541.0,3404,102,0.094,0.076,0.123,0.207,0.5
179,Paulding County,164044.0,4175,70,0.097,0.068,0.108,0.233,0.494
180,Richmond County,201554.0,9033,205,0.068,0.059,0.114,0.18,0.578
181,Rockdale County,90594.0,2427,44,0.058,0.078,0.115,0.216,0.534
182,Spalding County,66100.0,2093,71,0.072,0.038,0.179,0.202,0.509
183,Troup County,70034.0,3634,114,0.175,0.031,0.119,0.178,0.497
184,Walker County,69410.0,2143,48,0.144,0.164,0.117,0.21,0.366
185,Walton County,93503.0,2841,75,0.106,0.127,0.184,0.141,0.442
186,Whitfield County,104062.0,6245,70,0.185,0.068,0.203,0.142,0.403
187,Hawaii County,200983.0,1424,31,0.01,0.032,0.037,0.122,0.799
188,Honolulu County,980080.0,14010,173,0.011,0.012,0.027,0.151,0.798
189,Kauai County,72133.0,74,0,0.0,0.021,0.046,0.108,0.825
190,Maui County,167218.0,687,18,0.034,0.016,0.025,0.122,0.803
191,Ada County,469966.0,20021,199,0.118,0.078,0.084,0.194,0.526
192,Bannock County,87138.0,3204,19,0.084,0.193,0.176,0.195,0.352
193,Bonneville County,116854.0,5611,44,0.096,0.202,0.188,0.247,0.268
194,Canyon County,223499.0,11708,124,0.113,0.095,0.17,0.24,0.381
195,Kootenai County,161505.0,5383,56,0.146,0.105,0.17,0.22,0.359
196,Twin Falls County,86081.0,5262,62,0.166,0.222,0.101,0.177,0.335
197,Adams County,65691.0,3136,31,0.18,0.092,0.189,0.19,0.35
198,Champaign County,209983.0,8180,37,0.0,0.067,0.08,0.192,0.661
199,Cook County,5180493.0,227425,5828,0.023,0.021,0.072,0.162,0.722
200,DeKalb County,104143.0,3600,43,0.007,0.012,0.034,0.191,0.756
201,DuPage County,928589.0,31830,683,0.01,0.01,0.056,0.163,0.76
202,Kane County,534216.0,23179,384,0.013,0.026,0.048,0.165,0.748
203,Kankakee County,110024.0,5367,86,0.044,0.084,0.096,0.249,0.527
204,Kendall County,127915.0,4144,32,0.001,0.009,0.065,0.136,0.788
205,Lake County,700832.0,27189,552,0.02,0.018,0.046,0.146,0.769
206,LaSalle County,109430.0,3891,87,0.018,0.046,0.113,0.267,0.556
207,McHenry County,308570.0,9858,127,0.03,0.012,0.066,0.176,0.716
208,McLean County,172828.0,5890,40,0.085,0.062,0.091,0.201,0.561
209,Macon County,104712.0,4699,80,0.016,0.062,0.088,0.286,0.549
210,Madison County,264461.0,9601,170,0.035,0.045,0.083,0.189,0.648
211,Peoria County,180621.0,6202,94,0.039,0.036,0.096,0.251,0.577
212,Rock Island County,143477.0,5772,109,0.078,0.025,0.066,0.235,0.596
213,St. Clair County,261059.0,10676,242,0.032,0.027,0.037,0.138,0.767
214,Sangamon County,195348.0,6431,73,0.017,0.03,0.155,0.233,0.564
215,Tazewell County,132328.0,3971,65,0.044,0.04,0.141,0.215,0.56
216,Vermilion County,76806.0,2466,24,0.023,0.119,0.088,0.266,0.504
217,Will County,692310.0,25892,481,0.041,0.024,0.062,0.134,0.739
218,Williamson County,67056.0,2545,67,0.095,0.122,0.136,0.183,0.464
219,Winnebago County,284081.0,14174,216,0.031,0.03,0.089,0.193,0.657
220,Allen County,375351.0,12006,266,0.07,0.14,0.099,0.228,0.464
221,Bartholomew County,82753.0,1990,65,0.138,0.084,0.085,0.286,0.406
222,Boone County,66999.0,1699,54,0.052,0.085,0.142,0.308,0.413
223,Clark County,117360.0,3800,76,0.068,0.06,0.141,0.228,0.501
224,Delaware County,114772.0,3834,98,0.095,0.109,0.124,0.197,0.475
225,Elkhart County,205560.0,12725,181,0.03,0.097,0.094,0.252,0.528
226,Floyd County,77781.0,2330,77,0.053,0.086,0.154,0.233,0.474
227,Grant County,65936.0,2190,47,0.053,0.108,0.133,0.311,0.393
228,Hamilton County,330086.0,8822,157,0.07,0.051,0.049,0.234,0.596
229,Hancock County,76351.0,1708,48,0.068,0.04,0.166,0.306,0.42
230,Hendricks County,167009.0,4250,164,0.054,0.052,0.113,0.257,0.523
231,Howard County,82366.0,2142,74,0.008,0.083,0.183,0.301,0.426
232,Johnson County,156225.0,4349,167,0.057,0.094,0.1,0.192,0.557
233,Kosciusko County,79344.0,2989,36,0.073,0.147,0.089,0.195,0.496
234,Lake County,484411.0,19989,419,0.043,0.057,0.088,0.219,0.592
235,LaPorte County,110007.0,3269,78,0.084,0.075,0.168,0.206,0.466
236,Madison County,129641.0,3447,121,0.062,0.084,0.15,0.145,0.559
237,Marion County,954670.0,31495,861,0.051,0.053,0.116,0.232,0.548
238,Monroe County,146917.0,4012,46,0.037,0.037,0.094,0.242,0.591
239,Morgan County,70116.0,1419,45,0.06,0.131,0.136,0.188,0.485
240,Porter County,169594.0,5342,67,0.05,0.1,0.108,0.231,0.512
241,St. Joseph County,270771.0,12598,200,0.031,0.04,0.102,0.228,0.598
242,Tippecanoe County,193048.0,5749,23,0.093,0.083,0.102,0.204,0.518
243,Vanderburgh County,180974.0,7552,93,0.07,0.039,0.115,0.234,0.542
244,Vigo County,107386.0,3840,60,0.118,0.064,0.102,0.25,0.466
245,Wayne County,65936.0,2495,43,0.162,0.09,0.138,0.261,0.348
246,Black Hawk County,132408.0,8103,110,0.032,0.053,0.18,0.289,0.447
247,Dallas County,90180.0,4678,53,0.036,0.102,0.118,0.26,0.485
248,Dubuque County,96854.0,7135,74,0.037,0.155,0.189,0.189,0.43
249,Johnson County,151260.0,7505,34,0.014,0.044,0.069,0.2,0.673
250,Linn County,225909.0,9878,142,0.039,0.081,0.115,0.201,0.563
251,Polk County,487204.0,24717,300,0.044,0.089,0.136,0.259,0.473
252,Pottawattamie County,93533.0,4206,51,0.115,0.083,0.147,0.264,0.39
253,Scott County,173283.0,7066,54,0.075,0.027,0.126,0.277,0.494
254,Story County,98105.0,5065,18,0.045,0.075,0.071,0.235,0.574
255,Woodbury County,102539.0,8607,105,0.113,0.165,0.137,0.16,0.425
256,Butler County,66765.0,1954,4,0.053,0.133,0.122,0.222,0.47
257,Douglas County,121436.0,3461,19,0.006,0.009,0.024,0.227,0.734
258,Johnson County,597555.0,18783,236,0.029,0.019,0.075,0.224,0.654
259,Leavenworth County,81352.0,2913,21,0.087,0.135,0.092,0.142,0.544
260,Riley County,73703.0,2523,12,0.03,0.05,0.124,0.261,0.535
261,Sedgwick County,513607.0,17232,137,0.06,0.055,0.126,0.26,0.499
262,Shawnee County,177499.0,4892,90,0.009,0.078,0.095,0.184,0.633
263,Wyandotte County,165324.0,9282,167,0.025,0.056,0.076,0.178,0.665
264,Boone County,131533.0,2785,25,0.08,0.087,0.081,0.232,0.52
265,Bullitt County,81069.0,1959,20,0.037,0.091,0.156,0.181,0.535
266,Campbell County,93152.0,1791,20,0.073,0.085,0.134,0.278,0.43
267,Christian County,71671.0,2264,34,0.06,0.118,0.178,0.279,0.365
268,Daviess County,101104.0,2432,35,0.055,0.057,0.122,0.236,0.531
269,Fayette County,323780.0,12767,102,0.031,0.051,0.066,0.202,0.65
270,Hardin County,110356.0,2752,25,0.057,0.062,0.106,0.217,0.558
271,Jefferson County,770517.0,28336,430,0.036,0.048,0.083,0.23,0.602
272,Kenton County,166051.0,3550,51,0.052,0.056,0.146,0.245,0.5
273,McCracken County,65346.0,1632,12,0.085,0.058,0.232,0.255,0.37
274,Madison County,92368.0,2722,14,0.088,0.094,0.114,0.233,0.471
275,Oldham County,66470.0,1652,26,0.025,0.039,0.098,0.278,0.56
276,Warren County,131264.0,6030,59,0.076,0.067,0.063,0.185,0.609
277,Ascension Parish,124672.0,4493,100,0.049,0.092,0.142,0.148,0.569
278,Bossier Parish,127185.0,4717,127,0.068,0.096,0.144,0.225,0.468
279,Caddo Parish,242922.0,10953,413,0.058,0.079,0.158,0.209,0.497
280,Calcasieu Parish,203112.0,8736,231,0.102,0.139,0.077,0.212,0.471
281,East Baton Rouge Parish,440956.0,16793,462,0.052,0.031,0.09,0.183,0.642
282,Iberia Parish,70941.0,3153,99,0.112,0.084,0.085,0.253,0.467
283,Jefferson Parish,434051.0,19302,592,0.044,0.031,0.066,0.174,0.685
284,Lafayette Parish,242782.0,9808,141,0.062,0.083,0.105,0.217,0.533
285,Lafourche Parish,98115.0,3998,131,0.078,0.039,0.159,0.151,0.573
286,Livingston Parish,139567.0,4402,82,0.06,0.043,0.144,0.29,0.463
287,Orleans Parish,391006.0,14034,602,0.019,0.034,0.087,0.206,0.654
288,Ouachita Parish,154475.0,7441,173,0.076,0.098,0.121,0.229,0.476
289,Rapides Parish,130562.0,4934,165,0.106,0.046,0.087,0.236,0.524
290,St. Landry Parish,82764.0,3880,140,0.064,0.105,0.117,0.199,0.515
291,St. Tammany Parish,258111.0,8048,277,0.031,0.073,0.074,0.211,0.611
292,Tangipahoa Parish,133777.0,5151,129,0.066,0.072,0.103,0.193,0.566
293,Terrebonne Parish,111021.0,3972,126,0.068,0.052,0.14,0.221,0.519
294,Androscoggin County,107679.0,1028,11,0.083,0.099,0.041,0.199,0.577
295,Aroostook County,67111.0,78,1,0.143,0.047,0.12,0.243,0.447
296,Cumberland County,293557.0,3039,70,0.05,0.053,0.046,0.182,0.669
297,Kennebec County,122083.0,484,12,0.016,0.074,0.125,0.245,0.54
298,Penobscot County,151096.0,395,6,0.038,0.071,0.085,0.189,0.617
299,York County,206229.0,1635,23,0.076,0.036,0.061,0.173,0.655
300,Allegany County,70975.0,1156,28,0.007,0.01,0.035,0.213,0.736
301,Anne Arundel County,576031.0,13347,283,0.018,0.022,0.067,0.154,0.739
302,Baltimore County,828431.0,22888,688,0.013,0.024,0.043,0.142,0.777
303,Calvert County,92003.0,1295,29,0.049,0.049,0.071,0.11,0.72
304,Carroll County,168429.0,2507,130,0.014,0.008,0.062,0.17,0.746
305,Cecil County,102826.0,1490,36,0.009,0.018,0.054,0.182,0.738
306,Charles County,161503.0,3518,102,0.035,0.034,0.107,0.157,0.667
307,Frederick County,255648.0,5265,140,0.028,0.036,0.062,0.113,0.762
308,Harford County,253956.0,4192,84,0.008,0.009,0.037,0.168,0.778
309,Howard County,323196.0,6449,129,0.024,0.015,0.067,0.17,0.723
310,Montgomery County,1052567.0,27772,896,0.025,0.029,0.041,0.128,0.777
311,Prince George's County,909308.0,35172,873,0.087,0.034,0.064,0.094,0.72
312,St. Mary's County,112664.0,1608,61,0.04,0.009,0.036,0.152,0.763
313,Washington County,150926.0,2664,48,0.031,0.047,0.085,0.194,0.642
314,Wicomico County,103195.0,2728,52,0.006,0.011,0.063,0.116,0.804
315,Baltimore city,602495.0,19567,517,0.024,0.032,0.063,0.148,0.733
316,Barnstable County,213413.0,2180,186,0.019,0.007,0.026,0.109,0.839
317,Berkshire County,126348.0,903,52,0.03,0.004,0.049,0.082,0.834
318,Bristol County,564022.0,14463,780,0.016,0.02,0.056,0.161,0.747
319,Essex County,790638.0,26889,1374,0.023,0.01,0.047,0.131,0.788
320,Franklin County,70963.0,517,74,0.043,0.011,0.028,0.156,0.762
321,Hampden County,470406.0,11727,842,0.013,0.017,0.055,0.13,0.786
322,Hampshire County,161355.0,1693,158,0.011,0.006,0.017,0.109,0.857
323,Middlesex County,1614714.0,35516,2325,0.023,0.011,0.041,0.127,0.798
324,Norfolk County,705388.0,13055,1130,0.02,0.015,0.035,0.125,0.805
325,Plymouth County,518132.0,12372,855,0.014,0.017,0.045,0.112,0.812
326,Suffolk County,807252.0,31158,1201,0.02,0.007,0.049,0.136,0.788
327,Worcester County,830839.0,18744,1199,0.02,0.027,0.043,0.142,0.768
328,Allegan County,117327.0,2185,9,0.05,0.035,0.133,0.283,0.5
329,Bay County,103923.0,2352,72,0.014,0.055,0.103,0.202,0.627
330,Berrien County,154141.0,3965,94,0.039,0.037,0.122,0.247,0.555
331,Calhoun County,134487.0,4258,90,0.063,0.121,0.078,0.178,0.559
332,Clinton County,79332.0,1692,18,0.033,0.056,0.046,0.263,0.603
333,Eaton County,109826.0,1748,19,0.047,0.039,0.147,0.247,0.52
334,Genesee County,406892.0,8998,359,0.032,0.043,0.104,0.288,0.533
335,Grand Traverse County,92573.0,1098,14,0.004,0.041,0.082,0.2,0.672
336,Ingham County,292735.0,5789,79,0.062,0.03,0.076,0.237,0.595
337,Isabella County,70562.0,1465,16,0.096,0.057,0.112,0.191,0.544
338,Jackson County,158823.0,4433,103,0.11,0.08,0.133,0.166,0.511
339,Kalamazoo County,264870.0,6580,134,0.02,0.059,0.062,0.167,0.693
340,Kent County,653786.0,20890,227,0.019,0.061,0.063,0.215,0.641
341,Lapeer County,88028.0,1593,47,0.036,0.105,0.104,0.133,0.622
342,Lenawee County,98266.0,2225,25,0.018,0.027,0.083,0.26,0.612
343,Livingston County,191224.0,3141,37,0.042,0.021,0.052,0.198,0.687
344,Macomb County,874759.0,24532,1135,0.034,0.043,0.09,0.145,0.688
345,Marquette County,66516.0,2654,19,0.016,0.045,0.11,0.251,0.578
346,Midland County,83209.0,1682,14,0.031,0.03,0.098,0.214,0.626
347,Monroe County,150439.0,2951,47,0.066,0.035,0.054,0.183,0.663
348,Muskegon County,173588.0,4952,106,0.084,0.045,0.1,0.16,0.611
349,Oakland County,1259201.0,31563,1259,0.028,0.027,0.049,0.169,0.727
350,Ottawa County,290494.0,8032,91,0.042,0.057,0.12,0.251,0.531
351,Saginaw County,190800.0,5487,165,0.031,0.073,0.082,0.197,0.616
352,St. Clair County,159337.0,2331,68,0.051,0.069,0.046,0.194,0.64
353,Shiawassee County,68192.0,1112,35,0.116,0.046,0.065,0.297,0.475
354,Van Buren County,75448.0,1692,22,0.025,0.068,0.137,0.183,0.587
355,Washtenaw County,370963.0,7298,131,0.019,0.022,0.046,0.18,0.733
356,Wayne County,1753893.0,47389,3105,0.046,0.032,0.075,0.156,0.69
357,Anoka County,353813.0,13321,178,0.054,0.078,0.132,0.245,0.492
358,Blue Earth County,67427.0,2630,8,0.065,0.078,0.146,0.276,0.435
359,Carver County,103551.0,2472,9,0.024,0.128,0.183,0.296,0.368
360,Dakota County,425423.0,13322,150,0.072,0.076,0.129,0.236,0.488
361,Hennepin County,1259428.0,44547,1025,0.021,0.044,0.096,0.243,0.596
362,Olmsted County,156277.0,4283,30,0.023,0.101,0.057,0.333,0.485
363,Ramsey County,550210.0,18649,413,0.044,0.046,0.086,0.259,0.564
364,Rice County,66523.0,2237,15,0.089,0.038,0.117,0.301,0.454
365,St. Louis County,199754.0,4567,77,0.095,0.052,0.098,0.297,0.457
366,Scott County,147381.0,4862,45,0.021,0.057,0.12,0.319,0.482
367,Sherburne County,96036.0,3023,28,0.064,0.175,0.175,0.239,0.346
368,Stearns County,159256.0,8474,61,0.082,0.142,0.187,0.174,0.415
369,Washington County,259201.0,8908,81,0.044,0.088,0.103,0.262,0.503
370,Wright County,136349.0,4051,23,0.083,0.109,0.162,0.259,0.387
371,DeSoto County,182001.0,8328,85,0.055,0.078,0.088,0.236,0.543
372,Forrest County,75036.0,3293,83,0.072,0.042,0.091,0.267,0.527
373,Harrison County,206650.0,6184,97,0.093,0.071,0.142,0.237,0.457
374,Hinds County,237085.0,8596,182,0.019,0.096,0.115,0.183,0.588
375,Jackson County,143277.0,5481,103,0.077,0.092,0.12,0.24,0.472
376,Jones County,68461.0,3169,85,0.069,0.079,0.118,0.169,0.565
377,Lauderdale County,75317.0,2864,141,0.036,0.018,0.105,0.197,0.643
378,Lee County,85202.0,4103,87,0.094,0.092,0.13,0.18,0.505
379,Madison County,105630.0,4120,96,0.029,0.043,0.184,0.242,0.502
380,Rankin County,153902.0,4515,89,0.031,0.103,0.127,0.179,0.561
381,Boone County,180005.0,7629,19,0.073,0.075,0.113,0.224,0.515
382,Buchanan County,88571.0,4528,53,0.121,0.183,0.175,0.219,0.302
383,Cape Girardeau County,78753.0,3758,60,0.08,0.109,0.137,0.285,0.389
384,Cass County,104954.0,2716,35,0.027,0.082,0.17,0.185,0.535
385,Christian County,86983.0,3090,20,0.13,0.113,0.053,0.253,0.451
386,Clay County,246365.0,3410,64,0.033,0.037,0.076,0.199,0.655
387,Cole County,76796.0,4333,34,0.087,0.185,0.107,0.187,0.434
388,Franklin County,103670.0,3481,57,0.122,0.086,0.1,0.233,0.458
389,Greene County,291923.0,11617,173,0.099,0.082,0.128,0.272,0.418
390,Jackson County,700307.0,12493,150,0.027,0.066,0.088,0.21,0.609
391,Jasper County,120636.0,3806,54,0.138,0.152,0.147,0.176,0.388
392,Jefferson County,224347.0,8000,94,0.042,0.117,0.178,0.216,0.447
393,Platte County,102985.0,1216,13,0.044,0.04,0.088,0.189,0.638
394,St. Charles County,399182.0,14913,173,0.041,0.05,0.091,0.286,0.532
395,St. Francois County,66692.0,3836,36,0.103,0.12,0.085,0.264,0.428
396,St. Louis County,996945.0,37016,900,0.024,0.028,0.069,0.182,0.697
397,St. Louis city,302838.0,9917,232,0.039,0.017,0.08,0.137,0.726
398,Cascade County,81643.0,2877,41,0.17,0.143,0.16,0.145,0.382
399,Flathead County,102106.0,4441,27,0.076,0.167,0.159,0.224,0.374
400,Gallatin County,111876.0,4736,13,0.132,0.093,0.115,0.213,0.448
401,Lewis and Clark County,68700.0,1491,7,0.149,0.107,0.08,0.185,0.479
402,Missoula County,118791.0,3061,31,0.091,0.2,0.128,0.209,0.372
403,Yellowstone County,160137.0,8191,97,0.129,0.177,0.167,0.262,0.265
404,Douglas County,566880.0,28084,255,0.091,0.069,0.095,0.263,0.482
405,Lancaster County,317272.0,11513,54,0.093,0.061,0.112,0.264,0.47
406,Sarpy County,184459.0,7745,44,0.094,0.069,0.144,0.26,0.433
407,Clark County,2231647.0,90125,1576,0.027,0.032,0.054,0.145,0.742
408,Washoe County,465735.0,16471,212,0.024,0.025,0.06,0.215,0.676
409,Cheshire County,76493.0,274,3,0.02,0.075,0.093,0.202,0.609
410,Grafton County,89786.0,333,1,0.039,0.026,0.032,0.199,0.705
411,Hillsborough County,415247.0,6137,325,0.03,0.069,0.066,0.164,0.67
412,Merrimack County,151132.0,1105,32,0.085,0.067,0.075,0.158,0.615
413,Rockingham County,309176.0,3166,105,0.018,0.057,0.074,0.212,0.639
414,Strafford County,130090.0,1000,14,0.08,0.074,0.098,0.19,0.558
415,Atlantic County,265429.0,6026,270,0.019,0.041,0.03,0.176,0.734
416,Bergen County,936692.0,27606,2072,0.02,0.014,0.053,0.151,0.762
417,Burlington County,445384.0,9671,521,0.023,0.02,0.043,0.134,0.779
418,Camden County,507078.0,13472,642,0.028,0.005,0.027,0.137,0.802
419,Cape May County,92560.0,1247,102,0.013,0.011,0.022,0.214,0.74
420,Cumberland County,150972.0,4294,163,0.032,0.006,0.058,0.142,0.762
421,Essex County,799767.0,28321,2159,0.035,0.014,0.085,0.183,0.682
422,Gloucester County,291408.0,6372,252,0.047,0.01,0.052,0.145,0.746
423,Hudson County,676061.0,25551,1539,0.022,0.019,0.077,0.211,0.67
424,Hunterdon County,124714.0,1885,127,0.007,0.038,0.065,0.085,0.804
425,Mercer County,369811.0,10264,643,0.017,0.014,0.05,0.162,0.757
426,Middlesex County,829685.0,24555,1458,0.02,0.016,0.054,0.146,0.765
427,Monmouth County,621354.0,15650,875,0.01,0.022,0.041,0.164,0.764
428,Morris County,494228.0,10564,843,0.023,0.018,0.049,0.191,0.72
429,Ocean County,601651.0,17849,1080,0.012,0.056,0.055,0.104,0.772
430,Passaic County,503310.0,23261,1273,0.029,0.015,0.063,0.138,0.756
431,Salem County,62607.0,1257,90,0.041,0.043,0.036,0.154,0.726
432,Somerset County,331164.0,7215,600,0.016,0.027,0.046,0.12,0.791
433,Sussex County,140799.0,1948,198,0.02,0.026,0.029,0.205,0.72
434,Union County,558067.0,22752,1383,0.012,0.011,0.059,0.202,0.716
435,Warren County,105779.0,1872,172,0.035,0.02,0.044,0.152,0.749
436,Bernalillo County,678701.0,14528,242,0.036,0.014,0.057,0.135,0.758
437,Chaves County,64689.0,2893,21,0.074,0.04,0.108,0.144,0.634
438,Do√±a Ana County,217522.0,8722,113,0.011,0.044,0.036,0.097,0.812
439,Lea County,69611.0,2825,34,0.112,0.024,0.115,0.331,0.418
440,McKinley County,72290.0,5079,265,0.01,0.06,0.008,0.202,0.721
441,Otero County,66781.0,1843,17,0.074,0.03,0.143,0.158,0.595
442,Sandoval County,145179.0,2639,55,0.017,0.015,0.096,0.11,0.762
443,San Juan County,125043.0,4198,207,0.057,0.015,0.118,0.255,0.555
444,Santa Fe County,150056.0,2677,20,0.008,0.016,0.031,0.143,0.803
445,Valencia County,76456.0,1540,10,0.006,0.009,0.143,0.195,0.648
446,Albany County,307117.0,4192,170,0.006,0.012,0.052,0.142,0.788
447,Broome County,191659.0,4086,117,0.044,0.028,0.051,0.066,0.812
448,Cattaraugus County,76840.0,618,21,0.015,0.013,0.024,0.156,0.793
449,Cayuga County,77145.0,566,5,0.0,0.033,0.072,0.162,0.732
450,Chautauqua County,127939.0,1136,5,0.029,0.024,0.038,0.206,0.703
451,Chemung County,84254.0,2157,20,0.012,0.046,0.092,0.256,0.594
452,Clinton County,80695.0,313,5,0.017,0.024,0.102,0.084,0.773
453,Dutchess County,293718.0,5879,170,0.007,0.009,0.031,0.099,0.854
454,Erie County,919719.0,15606,674,0.018,0.014,0.04,0.161,0.766
455,Jefferson County,111755.0,282,1,0.008,0.058,0.038,0.116,0.78
456,Livingston County,63227.0,432,7,0.011,0.034,0.009,0.111,0.835
457,Madison County,70795.0,666,9,0.003,0.015,0.043,0.107,0.832
458,Monroe County,742474.0,9242,269,0.018,0.012,0.056,0.129,0.785
459,Nassau County,1358343.0,52173,2706,0.017,0.018,0.043,0.142,0.779
460,Niagara County,210433.0,2467,93,0.001,0.028,0.037,0.204,0.73
461,Oneida County,229577.0,3177,134,0.016,0.025,0.033,0.153,0.774
462,Onondaga County,461809.0,6826,193,0.019,0.008,0.054,0.163,0.756
463,Ontario County,109864.0,848,29,0.001,0.012,0.031,0.107,0.849
464,Orange County,381951.0,14568,423,0.023,0.008,0.042,0.18,0.746
465,Oswego County,117898.0,809,4,0.017,0.003,0.094,0.119,0.766
466,Putnam County,98892.0,2004,64,0.003,0.018,0.022,0.105,0.852
467,Rensselaer County,159442.0,1230,44,0.018,0.018,0.073,0.14,0.751
468,Rockland County,325695.0,19133,516,0.011,0.018,0.054,0.195,0.722
469,St. Lawrence County,108047.0,501,5,0.027,0.029,0.095,0.149,0.701
470,Saratoga County,230163.0,1567,17,0.02,0.012,0.062,0.156,0.751
471,Schenectady County,155350.0,1758,52,0.04,0.007,0.051,0.06,0.841
472,Steuben County,95796.0,1249,72,0.036,0.031,0.057,0.201,0.674
473,Suffolk County,1481093.0,51332,2044,0.04,0.019,0.053,0.106,0.782
474,Sullivan County,75498.0,1920,38,0.024,0.03,0.043,0.085,0.817
475,Tompkins County,102793.0,712,2,0.012,0.01,0.046,0.098,0.833
476,Ulster County,178599.0,2670,87,0.014,0.023,0.045,0.1,0.818
477,Warren County,64265.0,487,31,0.026,0.018,0.104,0.13,0.723
478,Wayne County,90064.0,689,8,0.001,0.016,0.061,0.132,0.789
479,Westchester County,967612.0,42695,1579,0.025,0.018,0.044,0.115,0.798
480,Alamance County,166436.0,5769,93,0.04,0.073,0.126,0.175,0.586
481,Brunswick County,136744.0,2407,53,0.024,0.018,0.036,0.248,0.673
482,Buncombe County,259103.0,4594,120,0.009,0.023,0.044,0.23,0.693
483,Burke County,90382.0,3026,57,0.091,0.056,0.124,0.189,0.54
484,Cabarrus County,211342.0,5504,95,0.04,0.022,0.092,0.27,0.576
485,Caldwell County,82029.0,2910,19,0.028,0.031,0.072,0.199,0.67
486,Carteret County,69524.0,1386,9,0.01,0.067,0.167,0.197,0.56
487,Catawba County,158652.0,5284,67,0.035,0.07,0.13,0.214,0.551
488,Chatham County,73139.0,2091,63,0.007,0.025,0.063,0.139,0.766
489,Cleveland County,97645.0,3612,92,0.062,0.121,0.094,0.151,0.573
490,Craven County,102912.0,2568,65,0.034,0.068,0.212,0.215,0.47
491,Cumberland County,332330.0,7847,106,0.028,0.047,0.1,0.175,0.649
492,Davidson County,166614.0,4203,48,0.058,0.085,0.169,0.134,0.554
493,Durham County,316739.0,9929,105,0.017,0.014,0.033,0.104,0.832
494,Forsyth County,379099.0,10156,137,0.02,0.022,0.068,0.183,0.706
495,Franklin County,67560.0,1631,32,0.038,0.03,0.061,0.127,0.745
496,Gaston County,222846.0,8426,152,0.038,0.079,0.054,0.197,0.632
497,Guilford County,533670.0,13170,215,0.04,0.055,0.117,0.199,0.588
498,Harnett County,134214.0,3283,75,0.031,0.069,0.06,0.129,0.711
499,Henderson County,116748.0,2698,68,0.014,0.028,0.042,0.201,0.715
500,Iredell County,178435.0,4304,34,0.08,0.051,0.106,0.219,0.544
501,Johnston County,202675.0,6401,69,0.032,0.022,0.113,0.151,0.682
502,Lincoln County,83770.0,2783,16,0.029,0.09,0.084,0.234,0.563
503,Mecklenburg County,1093901.0,36863,411,0.029,0.037,0.075,0.166,0.694
504,Moore County,98682.0,2430,56,0.039,0.105,0.041,0.237,0.578
505,Nash County,94016.0,3798,83,0.044,0.032,0.038,0.212,0.673
506,New Hanover County,232274.0,5811,46,0.019,0.032,0.032,0.25,0.667
507,Onslow County,197683.0,3944,35,0.039,0.039,0.159,0.254,0.509
508,Orange County,146027.0,3350,59,0.01,0.02,0.028,0.142,0.801
509,Pitt County,179914.0,6693,44,0.034,0.065,0.085,0.204,0.612
510,Randolph County,143351.0,4375,71,0.066,0.078,0.105,0.138,0.613
511,Robeson County,131831.0,6549,101,0.062,0.031,0.116,0.165,0.626
512,Rockingham County,90690.0,2426,19,0.125,0.094,0.124,0.111,0.546
513,Rowan County,141262.0,4593,123,0.086,0.065,0.131,0.175,0.542
514,Rutherford County,66826.0,1909,80,0.045,0.17,0.098,0.156,0.532
515,Surry County,71948.0,2221,39,0.019,0.041,0.1,0.382,0.458
516,Union County,235908.0,6513,66,0.06,0.045,0.067,0.213,0.615
517,Wake County,1092305.0,23822,280,0.015,0.02,0.07,0.168,0.727
518,Wayne County,123248.0,5035,99,0.017,0.018,0.09,0.132,0.744
519,Wilkes County,68557.0,2104,42,0.046,0.071,0.164,0.208,0.511
520,Wilson County,81455.0,3411,70,0.013,0.067,0.081,0.248,0.59
521,Burleigh County,95273.0,8970,99,0.172,0.233,0.091,0.297,0.207
522,Cass County,181516.0,11956,101,0.09,0.113,0.142,0.233,0.423
523,Grand Forks County,70770.0,6004,27,0.097,0.122,0.222,0.253,0.305
524,Ward County,67744.0,5161,83,0.195,0.138,0.127,0.263,0.276
525,Allen County,102663.0,3211,80,0.085,0.104,0.114,0.382,0.314
526,Ashtabula County,97493.0,1238,48,0.144,0.008,0.099,0.257,0.492
527,Athens County,65818.0,1522,4,0.071,0.115,0.164,0.236,0.413
528,Belmont County,67505.0,1115,27,0.082,0.086,0.118,0.25,0.464
529,Butler County,382378.0,11122,135,0.047,0.072,0.106,0.244,0.531
530,Clark County,134585.0,3580,58,0.066,0.027,0.19,0.247,0.471
531,Clermont County,205466.0,3714,41,0.082,0.069,0.074,0.192,0.584
532,Columbiana County,102665.0,2546,88,0.098,0.08,0.115,0.156,0.551
533,Cuyahoga County,1243857.0,25511,712,0.042,0.052,0.084,0.213,0.609
534,Delaware County,204826.0,3763,29,0.018,0.081,0.084,0.177,0.64
535,Erie County,74615.0,1479,57,0.078,0.022,0.091,0.179,0.63
536,Fairfield County,155782.0,3698,59,0.1,0.095,0.135,0.142,0.527
537,Franklin County,1310300.0,39230,643,0.042,0.054,0.09,0.198,0.617
538,Geauga County,94031.0,1237,51,0.03,0.057,0.064,0.218,0.631
539,Greene County,167995.0,3566,51,0.041,0.082,0.095,0.264,0.519
540,Hamilton County,816684.0,22103,353,0.069,0.056,0.102,0.224,0.549
541,Hancock County,75930.0,1622,32,0.076,0.127,0.122,0.302,0.373
542,Jefferson County,65767.0,700,4,0.076,0.142,0.152,0.209,0.42
543,Lake County,230514.0,3599,61,0.067,0.039,0.104,0.246,0.544
544,Licking County,175769.0,3694,70,0.056,0.102,0.176,0.127,0.539
545,Lorain County,309461.0,3866,93,0.089,0.097,0.099,0.207,0.508
546,Lucas County,429899.0,10565,393,0.078,0.056,0.111,0.189,0.566
547,Mahoning County,229642.0,4834,287,0.046,0.099,0.099,0.231,0.525
548,Marion County,65256.0,3844,50,0.084,0.18,0.115,0.159,0.462
549,Medina County,179146.0,2859,46,0.068,0.077,0.125,0.227,0.503
550,Miami County,106222.0,2908,62,0.077,0.07,0.19,0.227,0.436
551,Montgomery County,532331.0,14491,195,0.041,0.065,0.065,0.222,0.607
552,Muskingum County,86183.0,1402,6,0.136,0.145,0.121,0.182,0.416
553,Portage County,162927.0,2338,68,0.028,0.078,0.126,0.213,0.555
554,Richland County,121099.0,2025,26,0.066,0.08,0.213,0.221,0.419
555,Ross County,76931.0,1918,53,0.181,0.103,0.101,0.168,0.447
556,Scioto County,75502.0,1333,10,0.121,0.096,0.242,0.156,0.387
557,Stark County,371574.0,5590,190,0.065,0.11,0.102,0.198,0.525
558,Summit County,541918.0,9088,280,0.048,0.056,0.125,0.207,0.565
559,Trumbull County,198627.0,3234,139,0.054,0.059,0.121,0.23,0.535
560,Tuscarawas County,92176.0,2007,50,0.126,0.204,0.116,0.215,0.339
561,Warren County,232173.0,5810,70,0.062,0.044,0.085,0.162,0.647
562,Wayne County,115967.0,2344,80,0.064,0.082,0.144,0.245,0.466
563,Wood County,130696.0,3264,104,0.029,0.061,0.086,0.252,0.572
564,Canadian County,144447.0,4807,24,0.043,0.073,0.103,0.309,0.472
565,Cleveland County,281669.0,9673,113,0.046,0.101,0.079,0.25,0.524
566,Comanche County,120422.0,3063,22,0.054,0.179,0.127,0.226,0.413
567,Creek County,71604.0,1889,41,0.154,0.074,0.145,0.212,0.415
568,Muskogee County,68362.0,2832,28,0.063,0.088,0.262,0.198,0.388
569,Oklahoma County,792582.0,28213,250,0.096,0.064,0.097,0.225,0.518
570,Payne County,82040.0,3250,15,0.083,0.068,0.129,0.207,0.514
571,Pottawatomie County,72679.0,2567,19,0.042,0.052,0.278,0.236,0.392
572,Rogers County,91984.0,2916,57,0.097,0.105,0.164,0.201,0.433
573,Tulsa County,648360.0,25024,228,0.074,0.061,0.141,0.243,0.482
574,Wagoner County,80110.0,2128,31,0.032,0.112,0.175,0.306,0.375
575,Benton County,92101.0,537,6,0.007,0.007,0.059,0.156,0.77
576,Clackamas County,416075.0,4101,72,0.016,0.024,0.071,0.168,0.721
577,Deschutes County,191996.0,1512,14,0.01,0.061,0.014,0.25,0.666
578,Douglas County,110283.0,510,10,0.082,0.052,0.116,0.239,0.511
579,Jackson County,219564.0,2435,8,0.044,0.077,0.075,0.138,0.665
580,Josephine County,87393.0,319,4,0.028,0.056,0.072,0.192,0.652
581,Klamath County,67653.0,487,3,0.097,0.031,0.062,0.227,0.583
582,Lane County,379611.0,2941,32,0.031,0.036,0.077,0.137,0.719
583,Linn County,127335.0,1022,17,0.057,0.025,0.096,0.159,0.664
584,Marion County,346868.0,6963,119,0.029,0.013,0.053,0.196,0.71
585,Multnomah County,811880.0,11497,188,0.013,0.016,0.054,0.178,0.738
586,Polk County,85234.0,815,15,0.013,0.022,0.078,0.242,0.645
587,Umatilla County,77516.0,3674,45,0.043,0.01,0.081,0.155,0.71
588,Washington County,597695.0,7108,89,0.006,0.009,0.059,0.169,0.756
589,Yamhill County,107002.0,1208,15,0.021,0.035,0.072,0.143,0.729
590,Adams County,102811.0,1382,34,0.039,0.034,0.083,0.238,0.606
591,Allegheny County,1218452.0,17973,448,0.017,0.022,0.035,0.165,0.761
592,Armstrong County,65263.0,1001,27,0.027,0.074,0.159,0.173,0.568
593,Beaver County,164742.0,2550,142,0.015,0.023,0.1,0.137,0.725
594,Berks County,420152.0,10595,437,0.036,0.012,0.06,0.174,0.719
595,Blair County,122492.0,2002,39,0.041,0.132,0.083,0.249,0.495
596,Bucks County,628195.0,11676,632,0.014,0.018,0.032,0.131,0.805
597,Butler County,187888.0,2476,35,0.035,0.062,0.062,0.194,0.647
598,Cambria County,131730.0,1704,13,0.026,0.062,0.153,0.228,0.53
599,Carbon County,64227.0,756,32,0.013,0.062,0.015,0.145,0.764
600,Centre County,162805.0,4713,22,0.017,0.013,0.076,0.101,0.792
601,Chester County,522046.0,9040,383,0.006,0.022,0.038,0.113,0.82
602,Clearfield County,79388.0,632,7,0.051,0.055,0.176,0.206,0.512
603,Columbia County,65456.0,1152,44,0.02,0.046,0.05,0.163,0.721
604,Crawford County,85063.0,765,4,0.024,0.016,0.136,0.266,0.558
605,Cumberland County,251423.0,3013,83,0.031,0.032,0.183,0.192,0.562
606,Dauphin County,277097.0,5624,198,0.032,0.023,0.258,0.147,0.539
607,Delaware County,564751.0,15402,825,0.01,0.01,0.044,0.123,0.814
608,Erie County,272061.0,2747,48,0.016,0.025,0.057,0.136,0.766
609,Fayette County,130441.0,1214,15,0.053,0.064,0.144,0.161,0.578
610,Franklin County,154835.0,2758,66,0.023,0.04,0.082,0.248,0.607
611,Indiana County,84501.0,1521,20,0.015,0.047,0.066,0.22,0.652
612,Lackawanna County,210793.0,4147,223,0.007,0.006,0.039,0.106,0.843
613,Lancaster County,543557.0,11069,490,0.037,0.013,0.054,0.172,0.724
614,Lawrence County,86184.0,1343,44,0.034,0.07,0.093,0.301,0.503
615,Lebanon County,141314.0,3716,75,0.026,0.008,0.062,0.178,0.725
616,Lehigh County,368100.0,7775,372,0.014,0.004,0.053,0.103,0.826
617,Luzerne County,317646.0,6339,216,0.016,0.024,0.045,0.136,0.779
618,Lycoming County,113664.0,1127,32,0.062,0.057,0.06,0.207,0.614
619,Mercer County,110683.0,1483,29,0.028,0.044,0.094,0.215,0.62
620,Monroe County,169507.0,2318,135,0.019,0.047,0.052,0.061,0.822
621,Montgomery County,828604.0,15857,898,0.016,0.019,0.044,0.16,0.761
622,Northampton County,304807.0,6207,319,0.015,0.012,0.034,0.118,0.822
623,Northumberland County,91083.0,1791,114,0.064,0.013,0.078,0.197,0.649
624,Philadelphia County,1584138.0,50354,1912,0.023,0.012,0.051,0.12,0.794
625,Schuylkill County,142067.0,2589,123,0.066,0.002,0.048,0.173,0.711
626,Somerset County,73952.0,692,4,0.041,0.04,0.188,0.267,0.464
627,Washington County,207346.0,2636,42,0.052,0.02,0.045,0.149,0.735
628,Westmoreland County,350611.0,5293,123,0.017,0.07,0.069,0.172,0.673
629,York County,448273.0,7477,217,0.018,0.024,0.091,0.174,0.693
630,Kent County,163861.0,2908,124,0.016,0.003,0.05,0.123,0.807
631,Newport County,82542.0,797,8,0.004,0.006,0.046,0.129,0.815
632,Providence County,636084.0,25309,970,0.022,0.014,0.05,0.159,0.754
633,Washington County,126179.0,1438,77,0.012,0.022,0.034,0.126,0.807
634,Aiken County,169401.0,5469,91,0.1,0.086,0.116,0.193,0.505
635,Anderson County,200482.0,6589,209,0.069,0.065,0.138,0.26,0.468
636,Beaufort County,188715.0,6419,93,0.038,0.027,0.055,0.147,0.733
637,Berkeley County,221091.0,6523,97,0.05,0.074,0.107,0.171,0.597
638,Charleston County,405905.0,18065,285,0.036,0.059,0.062,0.186,0.657
639,Darlington County,66802.0,2705,68,0.153,0.083,0.114,0.103,0.548
640,Dorchester County,160647.0,5119,106,0.071,0.071,0.123,0.16,0.576
641,Florence County,138159.0,5942,206,0.114,0.08,0.133,0.109,0.564
642,Greenville County,514213.0,19550,372,0.049,0.079,0.153,0.206,0.513
643,Greenwood County,70741.0,2705,78,0.074,0.087,0.226,0.151,0.463
644,Horry County,344147.0,13169,244,0.086,0.052,0.081,0.19,0.591
645,Kershaw County,65592.0,2668,56,0.062,0.019,0.114,0.189,0.616
646,Lancaster County,95380.0,2864,63,0.067,0.068,0.048,0.224,0.594
647,Laurens County,66994.0,2099,63,0.09,0.102,0.164,0.214,0.43
648,Lexington County,295032.0,9892,216,0.044,0.038,0.129,0.214,0.576
649,Oconee County,78374.0,2686,34,0.142,0.061,0.103,0.221,0.472
650,Orangeburg County,86934.0,3492,132,0.135,0.056,0.111,0.169,0.529
651,Pickens County,124937.0,5076,72,0.066,0.059,0.146,0.236,0.493
652,Richland County,414576.0,18339,279,0.03,0.016,0.099,0.235,0.62
653,Spartanburg County,313888.0,10090,249,0.06,0.091,0.126,0.227,0.496
654,Sumter County,106512.0,3765,93,0.128,0.054,0.154,0.182,0.483
655,York County,274118.0,7638,112,0.057,0.074,0.062,0.204,0.602
656,Minnehaha County,192876.0,15059,125,0.087,0.187,0.106,0.251,0.369
657,Pennington County,111729.0,5981,51,0.127,0.078,0.159,0.222,0.414
658,Anderson County,76482.0,2185,18,0.088,0.105,0.112,0.215,0.48
659,Blount County,131349.0,4005,46,0.069,0.089,0.097,0.183,0.562
660,Bradley County,106727.0,4073,27,0.121,0.098,0.126,0.282,0.373
661,Davidson County,692587.0,38010,369,0.02,0.037,0.086,0.181,0.677
662,Greene County,69087.0,2291,63,0.125,0.178,0.033,0.254,0.41
663,Hamilton County,364286.0,14004,118,0.116,0.116,0.129,0.229,0.411
664,Knox County,465289.0,15300,121,0.036,0.032,0.144,0.209,0.579
665,Madison County,97605.0,4352,86,0.1,0.056,0.129,0.334,0.381
666,Maury County,94340.0,4464,43,0.119,0.07,0.19,0.156,0.466
667,Montgomery County,205950.0,5060,68,0.083,0.063,0.203,0.228,0.423
668,Putnam County,78843.0,4956,64,0.16,0.164,0.207,0.099,0.369
669,Robertson County,71012.0,2947,44,0.187,0.069,0.081,0.159,0.504
670,Rutherford County,324890.0,14090,127,0.081,0.073,0.121,0.215,0.51
671,Sevier County,97892.0,3883,26,0.039,0.072,0.15,0.183,0.556
672,Shelby County,935764.0,40733,593,0.034,0.025,0.105,0.184,0.653
673,Sullivan County,157668.0,4761,71,0.096,0.091,0.143,0.187,0.483
674,Sumner County,187149.0,7273,121,0.104,0.069,0.14,0.196,0.49
675,Washington County,128607.0,4553,83,0.061,0.074,0.166,0.218,0.48
676,Williamson County,231729.0,8621,63,0.019,0.073,0.091,0.212,0.604
677,Wilson County,140625.0,5664,67,0.105,0.035,0.099,0.192,0.568
678,Angelina County,87092.0,3123,93,0.121,0.064,0.079,0.2,0.536
679,Bastrop County,86976.0,2087,33,0.007,0.02,0.084,0.161,0.729
680,Bell County,355642.0,7009,104,0.01,0.035,0.078,0.205,0.672
681,Bexar County,1986049.0,68388,1433,0.015,0.016,0.057,0.09,0.822
682,Bowie County,94324.0,2268,87,0.058,0.134,0.114,0.221,0.473
683,Brazoria County,370200.0,13247,189,0.021,0.042,0.075,0.17,0.691
684,Brazos County,226758.0,9466,83,0.012,0.038,0.067,0.347,0.537
685,Cameron County,423908.0,24825,1096,0.035,0.061,0.034,0.056,0.813
686,Collin County,1005146.0,20460,201,0.021,0.026,0.054,0.181,0.719
687,Comal County,148373.0,3994,123,0.007,0.044,0.063,0.146,0.74
688,Coryell County,74808.0,2077,14,0.015,0.027,0.142,0.194,0.622
689,Dallas County,2637772.0,113004,1331,0.024,0.019,0.059,0.141,0.757
690,Denton County,859064.0,18599,187,0.016,0.025,0.046,0.204,0.709
691,Ector County,162124.0,7804,125,0.085,0.047,0.076,0.204,0.588
692,Ellis County,179436.0,5509,92,0.027,0.017,0.044,0.19,0.722
693,El Paso County,840758.0,65651,717,0.007,0.007,0.033,0.075,0.877
694,Fort Bend County,787858.0,19149,318,0.024,0.03,0.057,0.115,0.774
695,Galveston County,337890.0,13260,171,0.033,0.037,0.105,0.207,0.617
696,Grayson County,133991.0,3011,85,0.064,0.063,0.095,0.247,0.53
697,Gregg County,123707.0,3949,92,0.053,0.064,0.074,0.186,0.623
698,Guadalupe County,163694.0,3990,83,0.027,0.022,0.032,0.125,0.794
699,Harris County,4698619.0,168746,2871,0.019,0.024,0.069,0.152,0.736
700,Harrison County,66726.0,1178,40,0.086,0.037,0.088,0.19,0.599
701,Hays County,222631.0,7281,91,0.0,0.007,0.022,0.115,0.855
702,Henderson County,82299.0,1979,43,0.043,0.072,0.127,0.197,0.56
703,Hidalgo County,865939.0,36972,1989,0.055,0.003,0.033,0.084,0.826
704,Hunt County,96493.0,2235,48,0.069,0.072,0.082,0.285,0.492
705,Jefferson County,255001.0,8902,160,0.036,0.075,0.11,0.171,0.608
706,Johnson County,171361.0,4140,72,0.024,0.079,0.056,0.199,0.642
707,Kaufman County,128622.0,3891,69,0.063,0.058,0.041,0.155,0.682
708,Liberty County,86323.0,2347,59,0.019,0.034,0.114,0.182,0.65
709,Lubbock County,307412.0,23473,253,0.031,0.072,0.056,0.232,0.61
710,McLennan County,254607.0,11408,165,0.022,0.049,0.046,0.161,0.721
711,Midland County,172578.0,6213,103,0.083,0.044,0.066,0.219,0.588
712,Montgomery County,590925.0,14280,188,0.031,0.073,0.061,0.145,0.69
713,Nacogdoches County,65711.0,1859,75,0.094,0.06,0.097,0.221,0.528
714,Nueces County,362265.0,21938,454,0.024,0.034,0.028,0.079,0.835
715,Orange County,83572.0,2331,48,0.051,0.07,0.105,0.157,0.618
716,Parker County,138371.0,2776,55,0.02,0.048,0.055,0.206,0.671
717,Potter County,119648.0,9924,126,0.067,0.063,0.113,0.272,0.485
718,Randall County,136271.0,7467,70,0.063,0.063,0.109,0.274,0.491
719,Rockwall County,100657.0,2228,34,0.033,0.041,0.101,0.18,0.645
720,San Patricio County,66893.0,1630,83,0.015,0.02,0.053,0.074,0.838
721,Smith County,230221.0,7608,159,0.108,0.091,0.104,0.168,0.529
722,Tarrant County,2084931.0,76086,882,0.023,0.034,0.077,0.144,0.722
723,Taylor County,137640.0,5770,85,0.054,0.059,0.12,0.191,0.575
724,Tom Green County,118189.0,6171,88,0.007,0.038,0.071,0.271,0.613
725,Travis County,1248743.0,33559,461,0.015,0.008,0.024,0.158,0.795
726,Victoria County,92035.0,4436,98,0.008,0.039,0.138,0.058,0.757
727,Walker County,72480.0,3963,65,0.029,0.058,0.079,0.179,0.655
728,Webb County,275910.0,16558,367,0.033,0.0,0.064,0.136,0.767
729,Wichita County,132064.0,4966,66,0.073,0.046,0.096,0.092,0.692
730,Williamson County,566719.0,10200,159,0.016,0.033,0.065,0.177,0.708
731,Wise County,68305.0,1130,18,0.008,0.127,0.046,0.17,0.649
732,Cache County,127068.0,5078,12,0.09,0.108,0.08,0.31,0.411
733,Davis County,351713.0,10961,50,0.035,0.055,0.077,0.314,0.518
734,Salt Lake County,1152633.0,58495,334,0.028,0.032,0.094,0.202,0.644
735,Tooele County,69907.0,1961,8,0.002,0.114,0.141,0.212,0.532
736,Utah County,622213.0,35378,98,0.068,0.035,0.195,0.244,0.458
737,Washington County,171700.0,6300,52,0.034,0.056,0.123,0.269,0.518
738,Weber County,256359.0,8747,37,0.066,0.089,0.072,0.287,0.486
739,Chittenden County,164572.0,1114,39,0.031,0.07,0.065,0.115,0.718
740,Albemarle County,108718.0,1675,24,0.023,0.022,0.054,0.093,0.81
741,Arlington County,237521.0,5093,155,0.01,0.018,0.035,0.187,0.75
742,Augusta County,75457.0,810,10,0.029,0.037,0.061,0.173,0.701
743,Bedford County,78747.0,1444,18,0.052,0.09,0.115,0.248,0.495
744,Chesterfield County,348556.0,7761,120,0.026,0.03,0.08,0.216,0.649
745,Fairfax County,1150795.0,25593,607,0.018,0.016,0.054,0.163,0.748
746,Fauquier County,70675.0,1182,27,0.04,0.013,0.042,0.133,0.772
747,Frederick County,88355.0,1353,15,0.026,0.048,0.048,0.264,0.614
748,Hanover County,107239.0,1893,46,0.043,0.052,0.087,0.25,0.568
749,Henrico County,329261.0,6984,243,0.04,0.037,0.071,0.191,0.662
750,James City County,76397.0,1018,22,0.006,0.008,0.005,0.231,0.75
751,Loudoun County,406850.0,8486,134,0.014,0.012,0.038,0.173,0.763
752,Montgomery County,98985.0,3273,7,0.056,0.042,0.09,0.171,0.64
753,Prince William County,468011.0,15367,226,0.047,0.027,0.055,0.11,0.761
754,Roanoke County,94073.0,1956,19,0.065,0.045,0.077,0.205,0.607
755,Rockingham County,81244.0,1903,27,0.034,0.062,0.139,0.212,0.553
756,Spotsylvania County,134238.0,2648,55,0.05,0.019,0.03,0.115,0.785
757,Stafford County,149960.0,2628,22,0.045,0.035,0.097,0.095,0.728
758,York County,67846.0,713,9,0.006,0.021,0.024,0.162,0.786
759,Alexandria city,160530.0,4533,76,0.032,0.02,0.065,0.17,0.712
760,Chesapeake city,242634.0,5330,81,0.018,0.025,0.095,0.182,0.68
761,Hampton city,134313.0,2289,34,0.008,0.025,0.078,0.118,0.771
762,Lynchburg city,82126.0,2221,28,0.07,0.031,0.073,0.222,0.603
763,Newport News city,178626.0,3430,51,0.01,0.038,0.035,0.145,0.772
764,Norfolk city,244076.0,5777,86,0.004,0.03,0.087,0.215,0.664
765,Portsmouth city,94632.0,2943,70,0.0,0.019,0.122,0.225,0.634
766,Richmond city,228783.0,5799,78,0.06,0.031,0.092,0.275,0.541
767,Roanoke city,99920.0,3313,50,0.07,0.05,0.088,0.212,0.58
768,Suffolk city,91185.0,2428,78,0.007,0.048,0.171,0.208,0.565
769,Virginia Beach city,450189.0,8810,112,0.017,0.041,0.062,0.202,0.678
770,Benton County,201877.0,6249,141,0.084,0.011,0.064,0.08,0.761
771,Chelan County,77036.0,2642,24,0.062,0.048,0.029,0.297,0.564
772,Clallam County,76737.0,288,1,0.001,0.0,0.028,0.225,0.746
773,Clark County,481857.0,5785,94,0.02,0.021,0.048,0.17,0.741
774,Cowlitz County,108987.0,948,8,0.041,0.02,0.098,0.216,0.625
775,Franklin County,94347.0,5358,70,0.106,0.013,0.059,0.069,0.753
776,Grant County,97331.0,3808,29,0.032,0.052,0.108,0.146,0.661
777,Grays Harbor County,73901.0,813,15,0.03,0.009,0.087,0.213,0.662
778,Island County,84460.0,452,16,0.015,0.009,0.066,0.15,0.759
779,King County,2233163.0,31595,848,0.016,0.02,0.05,0.191,0.724
780,Kitsap County,269805.0,1771,24,0.024,0.003,0.051,0.136,0.786
781,Lewis County,79604.0,809,13,0.033,0.112,0.128,0.111,0.616
782,Mason County,65507.0,576,10,0.011,0.024,0.091,0.152,0.721
783,Pierce County,891299.0,13214,275,0.028,0.057,0.103,0.206,0.606
784,Skagit County,128206.0,1469,27,0.035,0.097,0.037,0.177,0.653
785,Snohomish County,814901.0,11747,259,0.017,0.014,0.056,0.191,0.721
786,Spokane County,514631.0,11537,223,0.033,0.057,0.08,0.151,0.679
787,Thurston County,286419.0,2184,40,0.022,0.051,0.109,0.132,0.685
788,Whatcom County,225685.0,1747,62,0.042,0.028,0.061,0.122,0.747
789,Yakima County,251446.0,13356,297,0.012,0.035,0.069,0.143,0.74
790,Berkeley County,117123.0,1965,19,0.065,0.049,0.196,0.166,0.524
791,Cabell County,93224.0,1863,37,0.092,0.09,0.154,0.186,0.476
792,Harrison County,67554.0,786,14,0.132,0.021,0.071,0.319,0.457
793,Kanawha County,180454.0,4245,120,0.145,0.039,0.064,0.147,0.605
794,Monongalia County,106420.0,2566,8,0.046,0.077,0.139,0.221,0.517
795,Raleigh County,74254.0,1000,14,0.087,0.083,0.257,0.148,0.426
796,Wood County,84203.0,1166,9,0.094,0.099,0.149,0.277,0.381
797,Brown County,263378.0,18667,117,0.069,0.053,0.184,0.208,0.486
798,Dane County,542364.0,20116,58,0.017,0.02,0.092,0.23,0.641
799,Dodge County,87847.0,6209,49,0.11,0.138,0.166,0.2,0.386
800,Eau Claire County,104534.0,5280,37,0.042,0.076,0.203,0.255,0.424
801,Fond du Lac County,103066.0,6658,29,0.121,0.155,0.158,0.244,0.322
802,Jefferson County,85129.0,3875,28,0.114,0.093,0.096,0.179,0.518
803,Kenosha County,169290.0,7385,98,0.077,0.083,0.097,0.155,0.589
804,La Crosse County,118230.0,5802,27,0.064,0.072,0.076,0.289,0.498
805,Manitowoc County,79074.0,4119,24,0.175,0.089,0.259,0.133,0.345
806,Marathon County,135428.0,7593,92,0.123,0.136,0.165,0.236,0.34
807,Milwaukee County,948201.0,54391,636,0.053,0.067,0.119,0.264,0.497
808,Outagamie County,187365.0,11772,87,0.085,0.124,0.135,0.302,0.353
809,Ozaukee County,89147.0,3584,30,0.076,0.113,0.091,0.3,0.42
810,Portage County,70942.0,3719,30,0.157,0.159,0.215,0.188,0.28
811,Racine County,196584.0,11135,131,0.061,0.067,0.167,0.193,0.512
812,Rock County,163129.0,7089,57,0.023,0.139,0.096,0.277,0.464
813,St. Croix County,89694.0,2949,16,0.101,0.102,0.085,0.342,0.37
814,Sheboygan County,115456.0,6572,42,0.128,0.114,0.174,0.199,0.385
815,Walworth County,103718.0,4791,41,0.116,0.146,0.137,0.191,0.41
816,Washington County,135693.0,6672,55,0.031,0.142,0.22,0.298,0.309
817,Waukesha County,403072.0,17722,151,0.071,0.165,0.145,0.258,0.361
818,Winnebago County,171020.0,11331,85,0.074,0.194,0.126,0.156,0.45
819,Wood County,73055.0,2812,18,0.131,0.177,0.215,0.181,0.296
820,Laramie County,98976.0,2744,14,0.143,0.127,0.1,0.221,0.409
821,Natrona County,79115.0,2653,16,0.1,0.084,0.094,0.325,0.398
